"keys","ja","en","zh","ko","ru"
"Log","ログ一覧","Log","Log","Log",""
"Save","セーブ一覧","Save","Save","Save",""
"Load","ロード一覧","Load","Load","Load",""
"Close","閉じる","Close","Close","Close",""
"Text Speed","テキスト速度","Text Speed","Text Speed","Text Speed",""
"BGM Volume","BGM音量","BGM Volume","BGM Volume","BGM Volume",""
"ME Volume","ME音量","ME Volume","ME Volume","ME Volume",""
"Sound Volume","サウンド音量","Sound Volume","Sound Volume","Sound Volume",""
"Language","言語","Language","Language","Language",""
"Return Title","タイトルに戻る","Return Title","Return Title","Return Title",""
"Exit Game","ゲームをやめる","Exit Game","Exit Game","Exit Game",""
"ログ","ログ","LOG","LOG","LOG",""
"セーブ","セーブ","Save","保存","저장",""
"ロード","ロード","LOAD","LOAD","LOAD",""
"設定","設定","SETTING","SETTING","SETTING",""
"[center][font_size=70][outline_size=8][outline_color=#FFFFFF][wave amp=32 freq=6][color=black]ノベルゲームウィザードデモ[/color][/wave][/outline_color][/outline_size][/font_size][/center]","[center][font_size=70][outline_size=8][outline_color=#FFFFFF][wave amp=32 freq=6][color=black]ノベルゲームウィザードデモ[/color][/wave][/outline_color][/outline_size][/font_size][/center]","[center][font_size=70][outline_size=8][outline_color=#FFFFFF][wave amp=32 freq=6][color=black]Novel Game Wizard Demo[/color][/wave][/outline_color][/outline_size][/font_size][/center]","[center][font_size=70][outline_size=8][outline_color=#FFFFFF][wave amp=32 freq=6][color=black]Novel Game Wizard Demo[/color][/wave][/outline_color][/outline_size][/font_size][/center]","[center][font_size=70][outline_size=8][outline_color=#FFFFFF][wave amp=32 freq=6][color=black]Novel Game Wizard Demo[/color][/wave][/outline_color][/outline_size][/font_size][/center]",""
"はじめる","はじめる","START","新游戏","처음부터",""
"続きから","続きから","Continue","继续游戏","이어하기",""
"終了","終了","EXIT","退出游戏","게임 종료",""
"機能ボタンの表示。
（ログ、セーブ、ロード、設定）
BGMの再生。","機能ボタンの表示。
（ログ、セーブ、ロード、設定）
BGMの再生。","Display function buttons.
(Log[COMMA] Save[COMMA] Load[COMMA] Setting)
Play BGM.","Display function buttons.
(Log[COMMA] Save[COMMA] Load[COMMA] Setting)
Play BGM.","Display function buttons.
(Log[COMMA] Save[COMMA] Load[COMMA] Setting)
Play BGM.",""
"画像を表示します。
（キャラクターの登場）
画像の移動 + フェードイン + 上下揺れ","画像を表示します。
（キャラクターの登場）
画像の移動 + フェードイン + 上下揺れ","Display an image.
(Character appears)
Image movement + fade in + bobbing","Display an image.
(Character appears)
Image movement + fade in + bobbing","Display an image.
(Character appears)
Image movement + fade in + bobbing",""
"ボタンの表示。","ボタンの表示。","Display buttons.","Display buttons.","Display buttons.",""
"ボタン１","ボタン１","Button 1","Button 1","Button 1",""
"ボタン２","ボタン２","Button 2","Button 2","Button 2",""
"ボタン１を押しました。","ボタン１を押しました。","Button 1 was pressed.","Button 1 was pressed.","Button 1 was pressed.",""
"ボタン２を押しました。","ボタン２を押しました。","Button 2 was pressed.","Button 2 was pressed.","Button 2 was pressed.",""
"MEの再生","MEの再生","Play ME.","Play ME.","Play ME.",""
"効果音 + 画像揺れ","効果音 + 画像揺れ","Sound effects + Image shaking","Sound effects + Image shaking","Sound effects + Image shaking",""
"画面揺れ","画面揺れ","Screen Shaking","Screen Shaking","Screen Shaking",""
"画像のアニメーション","画像のアニメーション","Image animation","Image animation","Image animation",""
"アニメーション画像の消去。","アニメーション画像の消去。","Erase animated images.","Erase animated images.","Erase animated images.",""
"色々な文字の表現。","色々な文字の表現。","Various expressions of characters.","Various expressions of characters.","Various expressions of characters.",""
"[b]太い文字（ボールド）を表示します。[/b]","[b]太い文字（ボールド）を表示します。[/b]","[b]Displays thick text (bold).[/b]","[b]Displays thick text (bold).[/b]","[b]Displays thick text (bold).[/b]",""
"[i]斜め文字（イタリック）を表示します。[/i]","[i]斜め文字（イタリック）を表示します。[/i]","[i]Displays oblique text (italics).[/i]","[i]Displays oblique text (italics).[/i]","[i]Displays oblique text (italics).[/i]",""
"[color=red]文字の色を変更します。（赤色）[/color]
[color=#FF6000]任意の色にも変更できます。（オレンジ色）[/color]","[color=red]文字の色を変更します。（赤色）[/color]
[color=#FF6000]任意の色にも変更できます。（オレンジ色）[/color]","[color=red]Change the text color. (Red)[/color]
[color=#FF6000]Can also change it to any color. (Orange)[/color]","[color=red]Change the text color. (Red)[/color]
[color=#FF6000]Can also change it to any color. (Orange)[/color]","[color=red]Change the text color. (Red)[/color]
[color=#FF6000]Can also change it to any color. (Orange)[/color]",""
"[outline_color=#40FF40][outline_size=2]文字に外枠をつけます。[/outline_size][/outline_color]","[outline_color=#40FF40][outline_size=2]文字に外枠をつけます。[/outline_size][/outline_color]","[outline_color=#40FF40][outline_size=2]Add an outline to the text.[/outline_size][/outline_color]","[outline_color=#40FF40][outline_size=2]Add an outline to the text.[/outline_size][/outline_color]","[outline_color=#40FF40][outline_size=2]Add an outline to the text.[/outline_size][/outline_color]",""
"[img=24]res://addons/novel_game_wizard/assets/sprites/pencil_01_32_32.png[/img]画像を表示します。","[img=24]res://addons/novel_game_wizard/assets/sprites/pencil_01_32_32.png[/img]画像を表示します。","[img=24]res://addons/novel_game_wizard/assets/sprites/pencil_01_32_32.png[/img]Display the image.","[img=24]res://addons/novel_game_wizard/assets/sprites/pencil_01_32_32.png[/img]Display the image.","[img=24]res://addons/novel_game_wizard/assets/sprites/pencil_01_32_32.png[/img]Display the image.",""
"[wave amp=50 freq=2]波のアニメーションをつけます。[/wave]","[wave amp=50 freq=2]波のアニメーションをつけます。[/wave]","[wave amp=50 freq=2]Add wave animation.[/wave]","[wave amp=50 freq=2]Add wave animation.[/wave]","[wave amp=50 freq=2]Add wave animation.[/wave]",""
"[tornado radius=5 freq=2]竜巻のアニメーションをつけます。[/tornado]","[tornado radius=5 freq=2]竜巻のアニメーションをつけます。[/tornado]","[tornado radius=5 freq=2]Add a tornado animation.[/tornado]","[tornado radius=5 freq=2]Add a tornado animation.[/tornado]","[tornado radius=5 freq=2]Add a tornado animation.[/tornado]",""
"[shake rate=20 level=10]文字を揺らします。[/shake]","[shake rate=20 level=10]文字を揺らします。[/shake]","[shake rate=20 level=10]Shake the texts.[/shake]","[shake rate=20 level=10]Shake the texts.[/shake]","[shake rate=20 level=10]Shake the texts.[/shake]",""
"[fade start=4 length=14]文字をだんだん薄くします。（フェード）[/fade]","[fade start=4 length=14]文字をだんだん薄くします。（フェード）[/fade]","[fade start=4 length=14]Gradually fade the text. (Fade)[/fade]","[fade start=4 length=14]Gradually fade the text. (Fade)[/fade]","[fade start=4 length=14]Gradually fade the text. (Fade)[/fade]",""
"選択肢を表示します。","選択肢を表示します。","The options are displayed.","The options are displayed.","The options are displayed.",""
"選択肢１","選択肢１","Option 1","Option 1","Option 1",""
"選択肢２","選択肢２","Option 2","Option 2","Option 2",""
"選択肢１を選びました。","選択肢１を選びました。","Option 1 was selected.","Option 1 was selected.","Option 1 was selected.",""
"選択肢２を選びました。","選択肢２を選びました。","Option 2 was selected.","Option 2 was selected.","Option 2 was selected.",""
"画面をフェードアウトします。","画面をフェードアウトします。","Fade out the screen.","Fade out the screen.","Fade out the screen.",""
"画面をフェードインします。","画面をフェードインします。","Fade in the screen.","Fade in the screen.","Fade in the screen.",""
"変数に値を代入します。
（変数 var_1 に 5963 を代入します。）","変数に値を代入します。
（変数 var_1 に 5963 を代入します。）","Assign a value to a variable.
(Assign the value 5963 to the variable var_1.)","Assign a value to a variable.
(Assign the value 5963 to the variable var_1.)","Assign a value to a variable.
(Assign the value 5963 to the variable var_1.)",""
"変数 var_1 の値は {var_1} です。","変数 var_1 の値は {var_1} です。","The variable var_1 has the value {var_1}.","The variable var_1 has the value {var_1}.","The variable var_1 has the value {var_1}.",""
"変数に計算式を代入し計算結果を記録します。
（変数 var_1 に 100 + 100 を代入します。）","変数に計算式を代入し計算結果を記録します。
（変数 var_1 に 100 + 100 を代入します。）","Assign a formula to a variable and record the calculation result.
(Assign 100 + 100 to the variable var_1.)","Assign a formula to a variable and record the calculation result.
(Assign 100 + 100 to the variable var_1.)","Assign a formula to a variable and record the calculation result.
(Assign 100 + 100 to the variable var_1.)",""
"変数 var_1 の値は {var_1} です。","変数 var_1 の値は {var_1} です。","The variable var_1 has the value {var_1}.","The variable var_1 has the value {var_1}.","The variable var_1 has the value {var_1}.",""
"ウィンドウを複数表示します。","ウィンドウを複数表示します。","Display multiple windows.","Display multiple windows.","Display multiple windows.",""
"二つ目のウィンドウ。","二つ目のウィンドウ。","Second window.","Second window.","Second window.",""
"二つ目のウィンドウを揺らす。","二つ目のウィンドウを揺らす。","Shake the second window.","Shake the second window.","Shake the second window.",""
"二つ目のウィンドウの消去。","二つ目のウィンドウの消去。","Delete the second window.","Delete the second window.","Delete the second window.",""
"画像の消去。","画像の消去。","Delete image.","Delete image.","Delete image.",""
"画像の移動。","画像の移動。","Move image.","Move image.","Move image.",""
"リニア","リニア","Linear","Linear","Linear",""
"サイン・イン・サインアウト","サイン・イン・サインアウト","Sign in / Sign out","Sign in / Sign out","Sign in / Sign out",""
"デモを終了します。","デモを終了します。","End the demo.","End the demo.","End the demo.",""
"エレベーターに足を踏み入れた瞬間、二つの異変に気づいた。 見慣れたはずの壁の落書きが、跡形もなく消えている。 そして、先客がいた。その表情はよく見えない。","エレベーターに足を踏み入れた瞬間、二つの異変に気づいた。 見慣れたはずの壁の落書きが、跡形もなく消えている。 そして、先客がいた。その表情はよく見えない。","","","",""
"「探索者様ですね。何階をご利用ですか？」","「探索者様ですね。何階をご利用ですか？」","","","",""
"それはエレベーターガールの姿をしていた。ただでさえ今はほぼ見ることの無い職種だが、
マンションにエレベーターガールというのもより奇妙だ。
冗談のつもりで、マンションを探索しなくても済むような階はないか聞いた。","それはエレベーターガールの姿をしていた。ただでさえ今はほぼ見ることの無い職種だが、
マンションにエレベーターガールというのもより奇妙だ。
冗談のつもりで、マンションを探索しなくても済むような階はないか聞いた。","","","",""
"「かしこまりました。」
そういうとなんらかの階数を入力し、エレベーターは動き出した。","「かしこまりました。」
そういうとなんらかの階数を入力し、エレベーターは動き出した。","","","",""
"エレベーター内調査中...","エレベーター内調査中...","","","",""
"偽エレベーターガールがいる。
背丈の小さい、カワウソ系のようなフレンズだ。
エレベーターガールの制服が似合っておらず、真似事をしているとわかる。","偽エレベーターガールがいる。
背丈の小さい、カワウソ系のようなフレンズだ。
エレベーターガールの制服が似合っておらず、真似事をしているとわかる。","","","",""
"「あなたの望みの階は・・・ここですね！」","「あなたの望みの階は・・・ここですね！」","","","",""
"[color=green]●デタラメに入力された階に連れていかれます。[/color]
[color=green]　ただし、エレベーター酔いは発生しません。[/color]","[color=green]●デタラメに入力された階に連れていかれます。[/color]
[color=green]　ただし、エレベーター酔いは発生しません。[/color]","","","",""
"別の探索者が記したと思われる階数情報が、エレベーターの壁にいくつか書かれている。","別の探索者が記したと思われる階数情報が、エレベーターの壁にいくつか書かれている。","","","",""
"[outline_size=8][outline_color=red]7-9-Е-Б→→[/outline_color][/outline_size]　＝　ENTRANCE←GOOD!←TRUE
[s][outline_size=8][outline_color=red]9-19-Ж↖←[/outline_color][/outline_size]　＝　STORE←HELL[/s]
[outline_size=8][outline_color=red]В-5-В-А↑↓[/outline_color][/outline_size]　＝　DINER
[s][outline_size=8][outline_color=red]И-16-10-Г↗↘[/outline_color][/outline_size]　＝　PARKING←HELL[/s]
[outline_size=8][outline_color=red]Ж-Е-7-Г↖→[/outline_color][/outline_size]　＝　おじぞうさま←SPEAK ENGLISH!!!","[outline_size=8][outline_color=red]7-9-Е-Б→→[/outline_color][/outline_size]　＝　ENTRANCE←GOOD!←TRUE
[s][outline_size=8][outline_color=red]9-19-Ж↖←[/outline_color][/outline_size]　＝　STORE←HELL[/s]
[outline_size=8][outline_color=red]В-5-В-А↑↓[/outline_color][/outline_size]　＝　DINER
[s][outline_size=8][outline_color=red]И-16-10-Г↗↘[/outline_color][/outline_size]　＝　PARKING←HELL[/s]
[outline_size=8][outline_color=red]Ж-Е-7-Г↖→[/outline_color][/outline_size]　＝　おじぞうさま←SPEAK ENGLISH!!!","","","",""
"[s][outline_size=8][outline_color=red]А-Г-14-Ж-１-Ж-8-8-Е↓↑[/outline_color][/outline_size]　＝　(判別できない文字)[/s]←WHO THE FUCK WROTE THIS??
[outline_size=8][outline_color=red]Д-Д-В-А↓→[/outline_color][/outline_size]　＝　[s]HOSPITAL[/s]
[outline_size=8][outline_color=red]16-6-7-2↑↓[/outline_color][/outline_size]　＝　CHURCH
[outline_size=8][outline_color=red]2-2-А-Е→→[/outline_color][/outline_size]　＝　[s]BASEMENT[/s]","[s][outline_size=8][outline_color=red]А-Г-14-Ж-１-Ж-8-8-Е↓↑[/outline_color][/outline_size]　＝　(判別できない文字)[/s]←WHO THE FUCK WROTE THIS??
[outline_size=8][outline_color=red]Д-Д-В-А↓→[/outline_color][/outline_size]　＝　[s]HOSPITAL[/s]
[outline_size=8][outline_color=red]16-6-7-2↑↓[/outline_color][/outline_size]　＝　CHURCH
[outline_size=8][outline_color=red]2-2-А-Е→→[/outline_color][/outline_size]　＝　[s]BASEMENT[/s]","","","",""
"[outline_size=8][outline_color=red]8-2-6-Г-И[/outline_color][/outline_size]　＝　THEATER
[outline_size=8][outline_color=red]12-11-1-А-Д[/outline_color][/outline_size]　＝　[s]GYM[/s]
[outline_size=8][outline_color=red]5-8-11-11-В-6←→[/outline_color][/outline_size]　＝　(判別できない文字)←Fuckin' HOPE!!
[outline_size=8][outline_color=red]2-В-5-8↑←[/outline_color][/outline_size]　＝　(沢山の目が描かれている)
[outline_size=8][outline_color=red]Д-3-10-А→↓[/outline_color][/outline_size]　＝　UPSIDE DOWN","[outline_size=8][outline_color=red]8-2-6-Г-И[/outline_color][/outline_size]　＝　THEATER
[outline_size=8][outline_color=red]12-11-1-А-Д[/outline_color][/outline_size]　＝　[s]GYM[/s]
[outline_size=8][outline_color=red]5-8-11-11-В-6←→[/outline_color][/outline_size]　＝　(判別できない文字)←Fuckin' HOPE!!
[outline_size=8][outline_color=red]2-В-5-8↑←[/outline_color][/outline_size]　＝　(沢山の目が描かれている)
[outline_size=8][outline_color=red]Д-3-10-А→↓[/outline_color][/outline_size]　＝　UPSIDE DOWN","","","",""
"[outline_size=8][outline_color=red]9-6-Е-③↖↘[/outline_color][/outline_size]　＝　みんみ←What's???
[outline_size=8][outline_color=red]И-7-18-В→↙[/outline_color][/outline_size]　＝　SAFE
[outline_size=8][outline_color=red]Б-А-19-10↑↓[/outline_color][/outline_size]　＝　""""NOT""""SAFE
[outline_size=8][outline_color=red]А-8-11-И[/outline_color][/outline_size]　＝　SEA
[outline_size=8][outline_color=red]Г-Д-③-19[/outline_color][/outline_size]　＝　DEEP SEA","[outline_size=8][outline_color=red]9-6-Е-③↖↘[/outline_color][/outline_size]　＝　みんみ←What's???
[outline_size=8][outline_color=red]И-7-18-В→↙[/outline_color][/outline_size]　＝　SAFE
[outline_size=8][outline_color=red]Б-А-19-10↑↓[/outline_color][/outline_size]　＝　""""NOT""""SAFE
[outline_size=8][outline_color=red]А-8-11-И[/outline_color][/outline_size]　＝　SEA
[outline_size=8][outline_color=red]Г-Д-③-19[/outline_color][/outline_size]　＝　DEEP SEA","","","",""
"[outline_size=8][outline_color=red]В-7-9-13-Б[/outline_color][/outline_size]　＝　Bottom of SEA
[outline_size=8][outline_color=red]Г-2-5-Ж-6[/outline_color][/outline_size]　＝　Abyss
[outline_size=8][outline_color=red]3-Е-19-7↙↙[/outline_color][/outline_size]　＝　SHADOW←safe←NO！","[outline_size=8][outline_color=red]В-7-9-13-Б[/outline_color][/outline_size]　＝　Bottom of SEA
[outline_size=8][outline_color=red]Г-2-5-Ж-6[/outline_color][/outline_size]　＝　Abyss
[outline_size=8][outline_color=red]3-Е-19-7↙↙[/outline_color][/outline_size]　＝　SHADOW←safe←NO！","","","",""
"天井には小さな扉があり、
ガムテープで乱雑に封印されている。
近くの壁に、その扉を指して「あけるな」と書かれている。","天井には小さな扉があり、
ガムテープで乱雑に封印されている。
近くの壁に、その扉を指して「あけるな」と書かれている。","","","",""
"開けない","開けない","","","",""
"開ける","開ける","","","",""
"ガムテープを剥がし、蓋を押すと簡単に開いた。
よじ登り、エレベーターシャフトを確認する。","ガムテープを剥がし、蓋を押すと簡単に開いた。
よじ登り、エレベーターシャフトを確認する。","","","",""
"赤い光で満ちたシャフト内。まっさきに目に飛び込んできたのは、宙に浮かぶエレベーター操作パネルだった。
「何故こんなところに？」
それを言ったのは自分のはずだが、まるで他人が呟いたかのようだった。","赤い光で満ちたシャフト内。まっさきに目に飛び込んできたのは、宙に浮かぶエレベーター操作パネルだった。
「何故こんなところに？」
それを言ったのは自分のはずだが、まるで他人が呟いたかのようだった。","","","",""
"私は為すべき事を悟り、その操作パネルとひとつになった。そばにあった道具や仲間も私の中に招いた。このために今まで生きてきたのだと。訪れるべき階数が次々と浮かび、目の前に広がる。やるべきことはたくさんある。とても満たされた気分である。もはや話す事は何もない。","私は為すべき事を悟り、その操作パネルとひとつになった。そばにあった道具や仲間も私の中に招いた。このために今まで生きてきたのだと。訪れるべき階数が次々と浮かび、目の前に広がる。やるべきことはたくさんある。とても満たされた気分である。もはや話す事は何もない。","","","",""
"{m_screen_msg}","{m_screen_msg}","{m_screen_msg}","{m_screen_msg}","{m_screen_msg}",""
"{m_screen_msg_taihi}","{m_screen_msg_taihi}","{m_screen_msg_taihi}","{m_screen_msg_taihi}","{m_screen_msg_taihi}",""
"マンションの入り口となるエントランスホール。","マンションの入り口となるエントランスホール。","","","",""
"帰らなきゃ・・・・あの場所へ・・・・","帰らなきゃ・・・・あの場所へ・・・・","","","",""
"エレベーター","エレベーター","","","",""
"マーケット","マーケット","","","",""
"管理人室","管理人室","","","",""
"外泊","外泊","","","",""
"自分を複製している事がバレたら処分されてしまう。
今の状態で管理人室に入る事はできない。","自分を複製している事がバレたら処分されてしまう。
今の状態で管理人室に入る事はできない。","","","",""
"[color=green]●撤退します。[/color]","[color=green]●撤退します。[/color]","","","",""
"結構な高さを落ちてきたが、ゴミがクッションになり助かった。
立ち上がって周りを見ると、一面ゴミだらけの広大な空間だった。

遠くに人影が見える。","結構な高さを落ちてきたが、ゴミがクッションになり助かった。
立ち上がって周りを見ると、一面ゴミだらけの広大な空間だった。

遠くに人影が見える。","","","",""
"【GAME OVER】探索者は消息を絶ちました。","【GAME OVER】探索者は消息を絶ちました。","","","",""
"【GAME OVER】これはチュートリアルのため、次に進みます。","【GAME OVER】これはチュートリアルのため、次に進みます。","","","",""
"■1日目","■1日目","■Day 1","■第1天","■1일차",""
"見た目は本当に普通のマンションだ。
出入りしているのは自分のような探索者か、「アニマルガール」または「フレンズ」と呼ばれる種族だという事を除けば。","見た目は本当に普通のマンションだ。
出入りしているのは自分のような探索者か、「アニマルガール」または「フレンズ」と呼ばれる種族だという事を除けば。","","","",""
"フレンズ達は、人間より遥かに身体能力が高い。協力をしてもらえれば調査の役に立ちそうだが・・・","フレンズ達は、人間より遥かに身体能力が高い。協力をしてもらえれば調査の役に立ちそうだが・・・","","","",""
"そのような事を考えていると、
さっそくアライグマのフレンズに声をかけられた。","そのような事を考えていると、
さっそくアライグマのフレンズに声をかけられた。","","","",""
"「おっさん、見ない顔なのだ。新しい住人なのだ？」","「おっさん、見ない顔なのだ。新しい住人なのだ？」","","","",""
"「ああ、マンションの調査を行うために来た。しばらくエントランスの管理人室に間借りさせてもらうよ。よろしく」","「ああ、マンションの調査を行うために来た。しばらくエントランスの管理人室に間借りさせてもらうよ。よろしく」","","","",""
"財団のこと以外は、何も隠さなくて良いと言われている。ありのままを伝えた。","財団のこと以外は、何も隠さなくて良いと言われている。ありのままを伝えた。","","","",""
"「よろしくなのだ。アライさんは	[outline_size=8][outline_color=red]Г-１-13-Д↗←階[/outline_color][/outline_size]に住んでいるのだ」
[color=green]●特別階の情報は、得た時点でReportに記録されます。
　Reportはこの後見れるようになります。[/color]","「よろしくなのだ。アライさんは	[outline_size=8][outline_color=red]Г-１-13-Д↗←階[/outline_color][/outline_size]に住んでいるのだ」
[color=green]●特別階の情報は、得た時点でReportに記録されます。
　Reportはこの後見れるようになります。[/color]","","","",""
"自身をアライさんと名乗ったフレンズとわかれ、
エントランスにある管理人室に向かった。","自身をアライさんと名乗ったフレンズとわかれ、
エントランスにある管理人室に向かった。","","","",""
"管理人室は誰も住んでおらず、財団が確保している。
今は探索者は自分一人だが、もしかしたら人員の補充があるかもしれないとのこと。","管理人室は誰も住んでおらず、財団が確保している。
今は探索者は自分一人だが、もしかしたら人員の補充があるかもしれないとのこと。","","","",""
"調査中にかかる費用はマンション内で拾ったものを売ったり、大家の真似事をして自力で稼ぐ必要がある。
「大家の真似事」とは、探索の中で安全を確認した部屋にカギを取りつけ、フレンズに貸し出すことだ。娑婆ではとてもできない事だが、ここでは誰も文句は言わない。","調査中にかかる費用はマンション内で拾ったものを売ったり、大家の真似事をして自力で稼ぐ必要がある。
「大家の真似事」とは、探索の中で安全を確認した部屋にカギを取りつけ、フレンズに貸し出すことだ。娑婆ではとてもできない事だが、ここでは誰も文句は言わない。","","","",""
"あとは情報集め。さっきのフレンズを尋ねて、色々話を聞いてみるのも良いだろう。マンションの住人だけでなく、趣味かなんかで探索をしている物好きが世界中から集まっている。","あとは情報集め。さっきのフレンズを尋ねて、色々話を聞いてみるのも良いだろう。マンションの住人だけでなく、趣味かなんかで探索をしている物好きが世界中から集まっている。","","","",""
"さて、仕事だ。
端末はマンションの中でも電波は通じるようだ。
もう一度、ブリーフィングの時にもらった資料を確認しておこう。","さて、仕事だ。
端末はマンションの中でも電波は通じるようだ。
もう一度、ブリーフィングの時にもらった資料を確認しておこう。","","","",""
"[color=green]●「墨塗りされた資料」を入手しました。[/color]
[color=green]●「報告書作成基本方針」を入手しました。[/color]
[color=green]●「探索マニュアル」を入手しました。[/color]
[color=green]●左上のメニューが解放されました。Reportから様々な情報を確認できます。[/color]","[color=green]●「墨塗りされた資料」を入手しました。[/color]
[color=green]●「報告書作成基本方針」を入手しました。[/color]
[color=green]●「探索マニュアル」を入手しました。[/color]
[color=green]●左上のメニューが解放されました。Reportから様々な情報を確認できます。[/color]","","","",""
"探索のレクチャーも受けたが、ここでおさらいをしておくか？","探索のレクチャーも受けたが、ここでおさらいをしておくか？","","","",""
"おさらいをする(チュートリアル開始)","おさらいをする(チュートリアル開始)","","","",""
"調査開始","調査開始","","","",""
"[color=green]上記は探索画面の説明です。次に実際の探索の練習を行います。
ルールは、画面上部のReport→探索マニュアルを確認してください。[/color]","[color=green]上記は探索画面の説明です。次に実際の探索の練習を行います。
ルールは、画面上部のReport→探索マニュアルを確認してください。[/color]","","","",""
"マンション探索者らしき宿泊客がちらほらいる。
自分もその一人なのだが、連泊は許可されていない。","マンション探索者らしき宿泊客がちらほらいる。
自分もその一人なのだが、連泊は許可されていない。","","","",""
"ホテルに泊まる(空腹度回復)　￥2","ホテルに泊まる(空腹度回復)　￥2","","","",""
"マンションに引き返す","マンションに引き返す","","","",""
"[color=green]●一泊します。[/color]　{m_screen_msg}","[color=green]●一泊します。[/color]　{m_screen_msg}","","","",""
"これまで探索者たちが撮影してきた、大量のマンション内画像を
誰でも閲覧できるようになったらしい。","これまで探索者たちが撮影してきた、大量のマンション内画像を
誰でも閲覧できるようになったらしい。","","","",""
"ただし、マンション内で撮った画像だから、
当然マンション内でしかまともに表示されない。","ただし、マンション内で撮った画像だから、
当然マンション内でしかまともに表示されない。","","","",""
"ん？
ということは、最近管理人室に置かれたうるさい機械は、
画像が保管されているサーバーってことか？","ん？
ということは、最近管理人室に置かれたうるさい機械は、
画像が保管されているサーバーってことか？","","","",""
"「おっさん、何持ってるのだ？」","「おっさん、何持ってるのだ？」","","","",""
"アライさんだ。
端末を覗き込むと、勝手に操作をはじめた。","アライさんだ。
端末を覗き込むと、勝手に操作をはじめた。","","","",""
"「いろんな写真があるのだ！マンションの中なのか？
ここはアライさんたちの住んでる階の廊下なのだ！ここはハカセたちのいる階なのだ！
あれ？なんなのだこの階は？」","「いろんな写真があるのだ！マンションの中なのか？
ここはアライさんたちの住んでる階の廊下なのだ！ここはハカセたちのいる階なのだ！
あれ？なんなのだこの階は？」","","","",""
"「アライさんはよく迷子になっていろんな階に行くけど、ここは見たことないのだ。
四角い紙みたいなものを持ってるけど、これはいったい何なのだー！？」","「アライさんはよく迷子になっていろんな階に行くけど、ここは見たことないのだ。
四角い紙みたいなものを持ってるけど、これはいったい何なのだー！？」","","","",""
"[color=green]●「ギャラリー」が解禁されました。Reportから見れます。[/color]","[color=green]●「ギャラリー」が解禁されました。Reportから見れます。[/color]","","","",""
"マンション探索をしていると、同じように探索をしている人間やフレンズと行き違う事がある。","マンション探索をしていると、同じように探索をしている人間やフレンズと行き違う事がある。","","","",""
"中でも気になったのは、ネズミを入れて紐を付けたペットボトルを持つオオカワウソだ。
何に使うんだ？　と思っていたが、謎が解けた。","中でも気になったのは、ネズミを入れて紐を付けたペットボトルを持つオオカワウソだ。
何に使うんだ？　と思っていたが、謎が解けた。","","","",""
"不用意に進む前に、そのネズミボトルを前方に投げる事で、
ある程度の怪異を前もって察知できるのだ。","不用意に進む前に、そのネズミボトルを前方に投げる事で、
ある程度の怪異を前もって察知できるのだ。","","","",""
"[color=green]●行動「ネズミボトル」が解禁されました。[/color]","[color=green]●行動「ネズミボトル」が解禁されました。[/color]","","","",""
"オオカワウソのフレンズに声をかけられた。","オオカワウソのフレンズに声をかけられた。","","","",""
"「ネズミボトルをマネしているオッサンってあんたか？
別にマネしていることはなんとも思わないよ。どんな使い方をしているんだ？」","「ネズミボトルをマネしているオッサンってあんたか？
別にマネしていることはなんとも思わないよ。どんな使い方をしているんだ？」","","","",""
"自分もうまく使えているのか不安なところもあったので、情報交換をした。","自分もうまく使えているのか不安なところもあったので、情報交換をした。","","","",""
"「うーん、いまいち的を得ないな。口で説明するよりも実際にやるところを見せた方がいいかもしれない。
機会があったら手伝ってやるよ。」","「うーん、いまいち的を得ないな。口で説明するよりも実際にやるところを見せた方がいいかもしれない。
機会があったら手伝ってやるよ。」","","","",""
"[color=green]●行動「オオカワウソ・ボトル」が解禁されました。[/color]","[color=green]●行動「オオカワウソ・ボトル」が解禁されました。[/color]","","","",""
"キタキツネのフレンズが声をかけてきた。","キタキツネのフレンズが声をかけてきた。","","","",""
"「ギンギツネを探しているんだけど、知らない？
どこへ行ったのかなあ・・・エントランスにいるような気がするんだけど」","「ギンギツネを探しているんだけど、知らない？
どこへ行ったのかなあ・・・エントランスにいるような気がするんだけど」","","","",""
"「キミに付いていけば、会えるかな？」","「キミに付いていけば、会えるかな？」","","","",""
"[color=green]●行動「キタキツネ」が解禁されました。[/color]","[color=green]●行動「キタキツネ」が解禁されました。[/color]","","","",""
"フェネックのフレンズが声をかけてきた。","フェネックのフレンズが声をかけてきた。","","","",""
"「アライさん、ここにいたんだねー」","「アライさん、ここにいたんだねー」","","","",""
"自分ではなく、アライさんにだった。
笑顔だが、明らかにこちらを警戒している。
アライさんと何か喋ったあとこちらを向き、","自分ではなく、アライさんにだった。
笑顔だが、明らかにこちらを警戒している。
アライさんと何か喋ったあとこちらを向き、","","","",""
"「わたしも協力するよー」","「わたしも協力するよー」","","","",""
"監視されるんだろうなあと思いつつも、特にやましい事はないので、受け入れることにした。","監視されるんだろうなあと思いつつも、特にやましい事はないので、受け入れることにした。","","","",""
"[color=green]●行動「フェネック」が解禁されました。[/color]","[color=green]●行動「フェネック」が解禁されました。[/color]","","","",""
"「くふふ・・・」","「くふふ・・・」","","","",""
"背後から、笑い声が聞こえた。","背後から、笑い声が聞こえた。","","","",""
"[color=green]●行動「肉食ちゃん」が解禁されました。[/color]","[color=green]●行動「肉食ちゃん」が解禁されました。[/color]","","","",""
"探索の中、自分のミスで、オオカワウソの一人がやられてしまった。
生き残ったオオカワウソに声をかけられた。","探索の中、自分のミスで、オオカワウソの一人がやられてしまった。
生き残ったオオカワウソに声をかけられた。","","","",""
"「気を落とさないでほしい。わたしたちは、1人でも生き残っていれば問題ない」","「気を落とさないでほしい。わたしたちは、1人でも生き残っていれば問題ない」","","","",""
"「ただひとつだけ、アイツの成果を持ち帰れなかった事だけが残念だ。これからは後悔の代わりに、犬死だけはさせない事を考えてくれ」","「ただひとつだけ、アイツの成果を持ち帰れなかった事だけが残念だ。これからは後悔の代わりに、犬死だけはさせない事を考えてくれ」","","","",""
"[color=green]●行動「オオカワウソ・捨身」が解禁されました。[/color]","[color=green]●行動「オオカワウソ・捨身」が解禁されました。[/color]","","","",""
"外国人の探索者・・・
ある界隈では、「ガチおじ」と呼ばれているらしい。
複数人いることが確認されている。","外国人の探索者・・・
ある界隈では、「ガチおじ」と呼ばれているらしい。
複数人いることが確認されている。","","","",""
"彼らは、探索そのものに魅入られているようだった。
情報交換程度ならしたことがあり、何人か見知った顔もいる。
見知っているということは、生存能力が高いという事だ。
情報交換と言ったが、実際はこちらが情報をもらっているようなものだった。","彼らは、探索そのものに魅入られているようだった。
情報交換程度ならしたことがあり、何人か見知った顔もいる。
見知っているということは、生存能力が高いという事だ。
情報交換と言ったが、実際はこちらが情報をもらっているようなものだった。","","","",""
"その彼らから、協力して探索する話を持ちかけられた。
つまり、自分が認められたか、囮として有用かというところだろう。
後者では無いことを願う。","その彼らから、協力して探索する話を持ちかけられた。
つまり、自分が認められたか、囮として有用かというところだろう。
後者では無いことを願う。","","","",""
"[color=green]●行動「ガチおじ」が解禁されました。[/color]","[color=green]●行動「ガチおじ」が解禁されました。[/color]","","","",""
"『異質オオカワウソ』","『異質オオカワウソ』","","","",""
"花の咲いたバールを持ち、エレベーターパネル部分のような機械を背負った、怪異と化した赤い眼のオオカワウソ。","花の咲いたバールを持ち、エレベーターパネル部分のような機械を背負った、怪異と化した赤い眼のオオカワウソ。","","","",""
"オオカワウソチームの天敵であり、一緒に行動している自分も敵とみなされている。","オオカワウソチームの天敵であり、一緒に行動している自分も敵とみなされている。","","","",""
"オオカワウソチームと対策を話し合ったところ、
「あるにはあるが・・・」と渋い顔をしながら話してくれた。","オオカワウソチームと対策を話し合ったところ、
「あるにはあるが・・・」と渋い顔をしながら話してくれた。","","","",""
"[color=green]●行動「オオカワウソ軍団」が解禁されました。[/color]","[color=green]●行動「オオカワウソ軍団」が解禁されました。[/color]","","","",""
"何度も撤退しているうちに、撤退のコツがつかめてきた。","何度も撤退しているうちに、撤退のコツがつかめてきた。","","","",""
"観察力が鍛えられ、ある程度予測ができるようになってきた。","観察力が鍛えられ、ある程度予測ができるようになってきた。","","","",""
"エレベーターの中から目視で階の様子を伺うだけでは限界がある。
ふと思いついた事があり、ダメ元で、財団に申請をしてみた。
実績を認められ、許可がおりた。","エレベーターの中から目視で階の様子を伺うだけでは限界がある。
ふと思いついた事があり、ダメ元で、財団に申請をしてみた。
実績を認められ、許可がおりた。","","","",""
"探索がある程度進んだところで、気持ちに余裕が出てきたのか、マーケットでの会話が耳に入ってきた。","探索がある程度進んだところで、気持ちに余裕が出てきたのか、マーケットでの会話が耳に入ってきた。","","","",""
"値切っていた。しかも成功している。
ここならではのコツがあるみたいだ。","値切っていた。しかも成功している。
ここならではのコツがあるみたいだ。","","","",""
"財団からのメールを着信した。
実績が認められ、外泊許可がおりたとの事。
いくつかの条件はあるが、まともに休めるのは嬉しい。","財団からのメールを着信した。
実績が認められ、外泊許可がおりたとの事。
いくつかの条件はあるが、まともに休めるのは嬉しい。","","","",""
"何度も値切っているうちに、駆け引きを楽しめるようになってきた。
危険な探索生活の中の娯楽みたいなところがある。
いや、もしかしたらこれは、買い物以外でも使える時があるかもしれない。","何度も値切っているうちに、駆け引きを楽しめるようになってきた。
危険な探索生活の中の娯楽みたいなところがある。
いや、もしかしたらこれは、買い物以外でも使える時があるかもしれない。","","","",""
"探索のための手段や道具は揃えているが、それらを使いたい時に使えず、逆に不要な時に使わざるを得なかったりと、いきあたりばったりの行動になってしまうのをなんとかしたい。事前にしっかり計画を立てる事が必要だ。","探索のための手段や道具は揃えているが、それらを使いたい時に使えず、逆に不要な時に使わざるを得なかったりと、いきあたりばったりの行動になってしまうのをなんとかしたい。事前にしっかり計画を立てる事が必要だ。","","","",""
"財団から特例として貸与された端末。
これ自体はただの携帯電話だが、このマンションとは全く別種の収容されたオブジェクトにアクセスするものらしく、登録された番号にかけ、行きたい場所を伝えると瞬間移動できるという。","財団から特例として貸与された端末。
これ自体はただの携帯電話だが、このマンションとは全く別種の収容されたオブジェクトにアクセスするものらしく、登録された番号にかけ、行きたい場所を伝えると瞬間移動できるという。","","","",""
"ただし、必ずエレベーターに戻る用途のみに使えと。
理由はレポートを参照とのこと。
まあ、守った方が良いのだろうな。","ただし、必ずエレベーターに戻る用途のみに使えと。
理由はレポートを参照とのこと。
まあ、守った方が良いのだろうな。","","","",""
"オオカワウソが話しかけてきた。","オオカワウソが話しかけてきた。","","","",""
"「お前、最近よく見るな。[outline_size=8][outline_color=red]Г-11-18-③階[/outline_color][/outline_size]に来い。色々教えてやる」","「お前、最近よく見るな。[outline_size=8][outline_color=red]Г-11-18-③階[/outline_color][/outline_size]に来い。色々教えてやる」","","","",""
"マーケットで物色していると、
[outline_size=8][outline_color=red]И-17-6-１階[/outline_color][/outline_size]に行けば食料を安く調達してしまうという噂が聞こえてきた。","マーケットで物色していると、
[outline_size=8][outline_color=red]И-17-6-１階[/outline_color][/outline_size]に行けば食料を安く調達してしまうという噂が聞こえてきた。","","","",""
"「してしまう」という言い方がとても気になる・・・","「してしまう」という言い方がとても気になる・・・","","","",""
"拠点。待機や、他のメンバーとの交代ができる。
待機・交代には食料1が必要。","拠点。待機や、他のメンバーとの交代ができる。
待機・交代には食料1が必要。","","","",""
"検討中","検討中","","","",""
"{ai_txt}","{ai_txt}","{ai_txt}","{ai_txt}","{ai_txt}",""
"[color=green]●移動しています....[/color]","[color=green]●移動しています....[/color]","","","",""
"ドローン撮影する(精神-1、開示5)","ドローン撮影する(精神-1、開示5)","","","",""
"探索する","探索する","","","",""
"エントランスへ引き返す","エントランスへ引き返す","","","",""
"[color=green]●ドローン撮影を行いました。[/color]精神-1","[color=green]●ドローン撮影を行いました。[/color]精神-1","","","",""
"撮影された動画を確認した。
白く光るモノリスが浮かんでいる。それ以外には何もない。
ふと、気持ちが異様に軽くなった。違和感を覚え、時計を見ると、
既に2時間ほど経過していた。映像の確認は数分しかしていないはずだ。","撮影された動画を確認した。
白く光るモノリスが浮かんでいる。それ以外には何もない。
ふと、気持ちが異様に軽くなった。違和感を覚え、時計を見ると、
既に2時間ほど経過していた。映像の確認は数分しかしていないはずだ。","","","",""
"何が起きたのかはよくわからないが、
この動画を探索中に見るのは危険そうだ。
だが、「見せる」のは・・・？","何が起きたのかはよくわからないが、
この動画を探索中に見るのは危険そうだ。
だが、「見せる」のは・・・？","","","",""
"[color=green]●行動「動画：どんな願いも叶う階」が解禁されました。[/color]","[color=green]●行動「動画：どんな願いも叶う階」が解禁されました。[/color]","","","",""
"[color=green]●ドローン撮影を行いましたが、特に何も収穫はありませんでした。[/color]精神-1","[color=green]●ドローン撮影を行いましたが、特に何も収穫はありませんでした。[/color]精神-1","","","",""
"■248日前","■248日前","■248 days ago","■248天前","■248일 전",""
"俺は取り返しのつかない過ちを犯した。","俺は取り返しのつかない過ちを犯した。","","","",""
"いつ「声」がかかるか・・・それを考えては忘れ、","いつ「声」がかかるか・・・それを考えては忘れ、","","","",""
"そしてまた考え・・・","そしてまた考え・・・","","","",""
"■31日前","■31日前","■31 days ago","■31天前","■31일 전",""
"鉄格子の向こう側に響く足音が、いつにも増して重々しく聞こえた。
呼び出しの声がかかり、看守たちの視線が突き刺さる。
分かっている。この瞬間がいつか来ることは理解していた。だが、いざとなると心はざわつく。","鉄格子の向こう側に響く足音が、いつにも増して重々しく聞こえた。
呼び出しの声がかかり、看守たちの視線が突き刺さる。
分かっている。この瞬間がいつか来ることは理解していた。だが、いざとなると心はざわつく。","","","",""
"ところが、連れてこられた扉の向こう側には、久々の外の景色が広がっていた。
刑務所の空気とは違う、冷たい静けさ。
俺は車に乗せられ、どこかへと運ばれる。
手錠の感触は変わらないのに、景色が違うだけで奇妙な錯覚を覚えた。","ところが、連れてこられた扉の向こう側には、久々の外の景色が広がっていた。
刑務所の空気とは違う、冷たい静けさ。
俺は車に乗せられ、どこかへと運ばれる。
手錠の感触は変わらないのに、景色が違うだけで奇妙な錯覚を覚えた。","","","",""
"■29日前","■29日前","■29 days ago","■29天前","■29일 전",""
"「座ってくれ」
男の声に促され、用意された椅子に腰を下ろす。目の前には机、そして紙と鉛筆。
知能テスト――そんな単語が脳裏をよぎる。ここに来て試験とは、どういうことだ。","「座ってくれ」
男の声に促され、用意された椅子に腰を下ろす。目の前には机、そして紙と鉛筆。
知能テスト――そんな単語が脳裏をよぎる。ここに来て試験とは、どういうことだ。","","","",""
"問題は単純なものから始まり、次第に複雑さを増していく。
数列の推測、図形の分析、記憶力の測定――そして最後には道徳的選択を問うもの。
俺は黙々とそれに答えていった。
何を試されているのかは分からない。だが、これが意味のあるものなら、俺の運命はまだ終わっていないのかもしれない。","問題は単純なものから始まり、次第に複雑さを増していく。
数列の推測、図形の分析、記憶力の測定――そして最後には道徳的選択を問うもの。
俺は黙々とそれに答えていった。
何を試されているのかは分からない。だが、これが意味のあるものなら、俺の運命はまだ終わっていないのかもしれない。","","","",""
"「合格だ」
男が短くそう言った。俺はただ、眉をひそめる。合格？ それが何を意味するのか。
男は「財団」を名乗った。","「合格だ」
男が短くそう言った。俺はただ、眉をひそめる。合格？ それが何を意味するのか。
男は「財団」を名乗った。","","","",""
"とある「マンション」の調査をしてほしいとのことだった。
そのマンションが、世界に影響を及ぼす可能性を探り、問題があれば対処方法を見つけること。
報酬は「人生をやり直せる権利」。
ジョークのために、確定死刑囚を連れ出したりはしないだろう。","とある「マンション」の調査をしてほしいとのことだった。
そのマンションが、世界に影響を及ぼす可能性を探り、問題があれば対処方法を見つけること。
報酬は「人生をやり直せる権利」。
ジョークのために、確定死刑囚を連れ出したりはしないだろう。","","","",""
"命の保障は一切ない。もしかしたら、極刑よりも悲惨な最期を迎えるかもしれない。
選択肢は一つしかなかった。","命の保障は一切ない。もしかしたら、極刑よりも悲惨な最期を迎えるかもしれない。
選択肢は一つしかなかった。","","","",""
"契約する","契約する","","","",""
"牢獄に戻る","牢獄に戻る","","","",""
"気になっていた事を聞いてみた。
「ひとついいか。さっきのテスト、不合格だったら？」
財団の男は答えた。
「別の『適した』仕事を紹介するだけさ。君はクラスこそ同じだが、自己判断が許される点で救いがある」
その言葉の意味を、この後実感する事になった。","気になっていた事を聞いてみた。
「ひとついいか。さっきのテスト、不合格だったら？」
財団の男は答えた。
「別の『適した』仕事を紹介するだけさ。君はクラスこそ同じだが、自己判断が許される点で救いがある」
その言葉の意味を、この後実感する事になった。","","","",""
"[color=green]探索が終了しました。[/color]","[color=green]探索が終了しました。[/color]","","","",""
"探索対象(上段の5枚)
から1枚、
探索者の行動(下段の5枚)
から1枚を選択してください。","探索対象(上段の5枚)
から1枚、
探索者の行動(下段の5枚)
から1枚を選択してください。","","","",""
"マンション近くにある公共の集会所。マンション攻略の手段や情報を扱っている他、食料の調達もできる。
ラインナップは日替わり。","マンション近くにある公共の集会所。マンション攻略の手段や情報を扱っている他、食料の調達もできる。
ラインナップは日替わり。","","","",""
"買い物中","買い物中","","","",""
"最初から","最初から","New Game","新游戏","처음부터",""
"終了する","終了する","Exit","退出游戏","게임 종료",""
"Credit","Credit","Credits","鸣谢","크레딧",""
"[color=green]●セーブデータが存在します。
　このまま最初からゲームをはじめると、今のセーブデータが上書きされる事になりますが、よろしいですか？[/color]","[color=green]●セーブデータが存在します。
　このまま最初からゲームをはじめると、今のセーブデータが上書きされる事になりますが、よろしいですか？[/color]","","","",""
"はい","はい","Yes","","",""
"いいえ","いいえ","No","","",""
"まず、エレベーターの扉を開く前にここに来た意図を確認しておく。","まず、エレベーターの扉を開く前にここに来た意図を確認しておく。","","","",""
"この階には何の成果もない事は分かっている。財団としても調査済み扱いだ。
ただ、一度は見ておけと、いろんな人から言われていた。興味本位で訪れた者の大半の失踪原因が、この階にあるというのだ。","この階には何の成果もない事は分かっている。財団としても調査済み扱いだ。
ただ、一度は見ておけと、いろんな人から言われていた。興味本位で訪れた者の大半の失踪原因が、この階にあるというのだ。","","","",""
"「1」階。
何も知らない者が逃げ帰ろうとして、必死でボタンを押す階だ。","「1」階。
何も知らない者が逃げ帰ろうとして、必死でボタンを押す階だ。","","","",""
"エレベーターの扉を開け、その理由を理解した。","エレベーターの扉を開け、その理由を理解した。","","","",""
"エレベーターのドアを閉めた。
「この階層で多数の失踪者」「本来のエントランス階と全く同じ光景」
ここから状況は理解した。詳細は既に調査済らしいので、あとでレポートを確認してみるか・・・","エレベーターのドアを閉めた。
「この階層で多数の失踪者」「本来のエントランス階と全く同じ光景」
ここから状況は理解した。詳細は既に調査済らしいので、あとでレポートを確認してみるか・・・","","","",""
"絶対にマンションの外に出るなと言われている。
外の様子を慎重に伺う。人が全くいない事以外は、本物と変わらない。人がいない事すら、気を抜けば、たまたま今はいないのかなと思うくらい、空気感も本物の世界と変わらない。","絶対にマンションの外に出るなと言われている。
外の様子を慎重に伺う。人が全くいない事以外は、本物と変わらない。人がいない事すら、気を抜けば、たまたま今はいないのかなと思うくらい、空気感も本物の世界と変わらない。","","","",""
"管理人室に来てみた。
いつもは誰かいるが、もちろんここには誰もいない。
…限界だ。これ以上ここには留まりたくない。","管理人室に来てみた。
いつもは誰かいるが、もちろんここには誰もいない。
…限界だ。これ以上ここには留まりたくない。","","","",""
"既に探索は完了し、財団による収容作業が進められている。
","既に探索は完了し、財団による収容作業が進められている。
","","","",""
"定石通り、まずはエレベーター内から外の様子を探る。
暗闇を貫く百メートル先の光の中に、何かがあるのをみとめた。
岩の質感が光を跳ね返し、ここが洞窟であることを物語っている。 
全体が地下水に濡れ、湿気が立ち込めていたが、どこか清浄な雰囲気だ。","定石通り、まずはエレベーター内から外の様子を探る。
暗闇を貫く百メートル先の光の中に、何かがあるのをみとめた。
岩の質感が光を跳ね返し、ここが洞窟であることを物語っている。 
全体が地下水に濡れ、湿気が立ち込めていたが、どこか清浄な雰囲気だ。","","","",""
"エレベーターのすぐ外、三メートルほどの地面に、周囲の岩肌とは明らかに質の違う反射を見つけた。
目を凝らして正体を確かめる。……それは、ペットボトルのようだった。","エレベーターのすぐ外、三メートルほどの地面に、周囲の岩肌とは明らかに質の違う反射を見つけた。
目を凝らして正体を確かめる。……それは、ペットボトルのようだった。","","","",""
"進む","進む","","","",""
"引き返す","引き返す","","","",""
"一歩踏み出し、まずはペットボトルを確認した。
容器が白く濁っていて中身が確認できないが、真ん中を切り離した後にテープで再度くっつけている。
これは・・・ネズミボトルだ。それも激しく劣化している。","一歩踏み出し、まずはペットボトルを確認した。
容器が白く濁っていて中身が確認できないが、真ん中を切り離した後にテープで再度くっつけている。
これは・・・ネズミボトルだ。それも激しく劣化している。","","","",""
"「ネズミボトルが使われたまま置き去りになっている」という事実の深刻さに気づき、
すぐに引き返そうとしたが、もう遅かった。
既に足腰が立たず、体のあちこちが痛い。歯がほとんど抜けて口の中で舌にまとわりついている。
やがて目も見えなくなり、全ての感覚がなくなっていった。","「ネズミボトルが使われたまま置き去りになっている」という事実の深刻さに気づき、
すぐに引き返そうとしたが、もう遅かった。
既に足腰が立たず、体のあちこちが痛い。歯がほとんど抜けて口の中で舌にまとわりついている。
やがて目も見えなくなり、全ての感覚がなくなっていった。","","","",""
"探索を開始した。
落ちていたペットボトルは、容器は白く濁っていて中身も無いが、ネズミボトルだ。
通常ネズミボトルは紐を結んでおき、
たぐり寄せて回収できるようになっているはずが、その紐もない。","探索を開始した。
落ちていたペットボトルは、容器は白く濁っていて中身も無いが、ネズミボトルだ。
通常ネズミボトルは紐を結んでおき、
たぐり寄せて回収できるようになっているはずが、その紐もない。","","","",""
"この階はおそらく、ものすごい速さで時間が流れている。
だから紐も中のネズミも投げ入れられた瞬間に朽ちて無くなり、
分解されにくい容器だけが残されたのだ。","この階はおそらく、ものすごい速さで時間が流れている。
だから紐も中のネズミも投げ入れられた瞬間に朽ちて無くなり、
分解されにくい容器だけが残されたのだ。","","","",""
"何故自分が無事なのか。時間の流れを遅くする、このサンドスターレプリカのおかげだろう。","何故自分が無事なのか。時間の流れを遅くする、このサンドスターレプリカのおかげだろう。","","","",""
"更に奥へと進んでみよう。","更に奥へと進んでみよう。","","","",""
"エレベーターからも確認できていた光の元に到着した。","エレベーターからも確認できていた光の元に到着した。","","","",""
"光を発しているそれは、飴玉のような透明の球体で、
上下に溶けた飴が回転しながら流れ出ているように見える。
球体の中に、マンションの外観が映っている。","光を発しているそれは、飴玉のような透明の球体で、
上下に溶けた飴が回転しながら流れ出ているように見える。
球体の中に、マンションの外観が映っている。","","","",""
"球体に触れる","球体に触れる","","","",""
"頭の中に、何かのイメージが流れ込んできた。","頭の中に、何かのイメージが流れ込んできた。","","","",""
"球体から手を離す","球体から手を離す","","","",""
"・・・・・・・・・・・。","・・・・・・・・・・・。","","","",""
"病院のような場所で目が覚めた。
財団職員が来て、状況の聞き取りが行われた。
正確にはもっと前に意識は回復していたが、錯乱状態が続いていたらしい。","病院のような場所で目が覚めた。
財団職員が来て、状況の聞き取りが行われた。
正確にはもっと前に意識は回復していたが、錯乱状態が続いていたらしい。","","","",""
"自力で帰還した記憶は、どこを探しても見当たらない。あの場で意識を失ったのだ。
聞けば、アライグマのフレンズが私を助け、エントランスまで引きずってきたという。
……疑問が消えない。彼女は、あの階層に踏み込んでも平気だったというのか？","自力で帰還した記憶は、どこを探しても見当たらない。あの場で意識を失ったのだ。
聞けば、アライグマのフレンズが私を助け、エントランスまで引きずってきたという。
……疑問が消えない。彼女は、あの階層に踏み込んでも平気だったというのか？","","","",""
"そのまま、職員と研究者たちの聞き取りが続いた。
あの場所で「光る玉」に指が触れてからの出来事は覚えている。だが、言葉で説明するのが難しい。
ただ、脳裏にこびりついた断片的なイメージを、絞り出すようにして伝えた。","そのまま、職員と研究者たちの聞き取りが続いた。
あの場所で「光る玉」に指が触れてからの出来事は覚えている。だが、言葉で説明するのが難しい。
ただ、脳裏にこびりついた断片的なイメージを、絞り出すようにして伝えた。","","","",""
"話をする中で、段々自分自身整理ができてきた。
詳細は今後の二次調査やレポートでうまくまとまるだろうが、
とにかく言えるのは、あの階に誰も近づけないようにする事だ。
それがあんたたちのいう「収容」に一番近いものなのではないか、
という事を伝えた。","話をする中で、段々自分自身整理ができてきた。
詳細は今後の二次調査やレポートでうまくまとまるだろうが、
とにかく言えるのは、あの階に誰も近づけないようにする事だ。
それがあんたたちのいう「収容」に一番近いものなのではないか、
という事を伝えた。","","","",""
"聞き取りの終わり際、職員から
「アライグマのフレンズから預かっているものがある」
と布袋を渡された。
中には、手紙と饅頭、サンドスターのかけらが入っていた。","聞き取りの終わり際、職員から
「アライグマのフレンズから預かっているものがある」
と布袋を渡された。
中には、手紙と饅頭、サンドスターのかけらが入っていた。","","","",""
"本物のサンドスター・・がここにあるはずはないので、これはレプリカか。
これのおかげであの階に入ってこれたのだろう。
手紙を見る。","本物のサンドスター・・がここにあるはずはないので、これはレプリカか。
これのおかげであの階に入ってこれたのだろう。
手紙を見る。","","","",""
"「ちゃんと食べないとだめなのだ。
アライさんのお弁当をやるのだ。目が覚めたら食べるのだ」
「サンドスターでお弁当はいつまでも大丈夫なはずなのだ」","「ちゃんと食べないとだめなのだ。
アライさんのお弁当をやるのだ。目が覚めたら食べるのだ」
「サンドスターでお弁当はいつまでも大丈夫なはずなのだ」","","","",""
"インタビューはその後数日続いた。
その間に体調はすっかり回復した。
光る玉の影響もあるが、サンドスターレプリカの影響下での活動は
体に負担がかかるようだった。","インタビューはその後数日続いた。
その間に体調はすっかり回復した。
光る玉の影響もあるが、サンドスターレプリカの影響下での活動は
体に負担がかかるようだった。","","","",""
"「さて、これで聞き取りは終わりだ。そして君には、恩赦が与えられる」
「恩赦の際は記憶処理が行われ、新しい戸籍が与えられる。気の済むまでマンションの調査を続けることもできるが」","「さて、これで聞き取りは終わりだ。そして君には、恩赦が与えられる」
「恩赦の際は記憶処理が行われ、新しい戸籍が与えられる。気の済むまでマンションの調査を続けることもできるが」","","","",""
"そういえばそんな話だった。","そういえばそんな話だった。","","","",""
"「すぐ恩赦するか決める前に、もう一度マンションに寄らせてくれないか」
「構わないが。忘れ物か？」
「アライさんにお礼を言っとこうかなと」","「すぐ恩赦するか決める前に、もう一度マンションに寄らせてくれないか」
「構わないが。忘れ物か？」
「アライさんにお礼を言っとこうかなと」","","","",""
"[color=green]●「調査者の記録と特別収容プロトコル最終決定稿」を入手しました。
●マンション調査は、収容プロトコル確立という大きな山を越えました。[/color]","[color=green]●「調査者の記録と特別収容プロトコル最終決定稿」を入手しました。
●マンション調査は、収容プロトコル確立という大きな山を越えました。[/color]","","","",""
"[color=green]決め手となった当該職員に対し、
当初の約束通り、人生をやりなおすか
しばらく調査を続けるかを選択させます。
※前者を選んだとしても、新しい職員により調査は続きます。[/color]","[color=green]決め手となった当該職員に対し、
当初の約束通り、人生をやりなおすか
しばらく調査を続けるかを選択させます。
※前者を選んだとしても、新しい職員により調査は続きます。[/color]","","","",""
"記憶処理をして、人生をやりなおす","記憶処理をして、人生をやりなおす","","","",""
"このまま、他の階の調査を続ける","このまま、他の階の調査を続ける","","","",""
"逃げ込んだ先は、無情にも行き止まりだった。
だが、天井が低く空間も狭いため、追いすがってくる海洋生物の触手は、ここまで届きそうにない。
荒い呼吸を整え、隙を見て一気にエレベーターまで駆け戻れば、問題なく生還できそうだ。","逃げ込んだ先は、無情にも行き止まりだった。
だが、天井が低く空間も狭いため、追いすがってくる海洋生物の触手は、ここまで届きそうにない。
荒い呼吸を整え、隙を見て一気にエレベーターまで駆け戻れば、問題なく生還できそうだ。","","","",""
"低い呻き声に導かれ視線を向けると、そこには瀕死のオオカワウソのフレンズが横たわっていた。
海洋生物に気付くのが遅れ、襲われてから逃げ出したのだろう。","低い呻き声に導かれ視線を向けると、そこには瀕死のオオカワウソのフレンズが横たわっていた。
海洋生物に気付くのが遅れ、襲われてから逃げ出したのだろう。","","","",""
"「ハハハ...この地図を……私と同じ姿をした仲間に……私はここに置いていってくれていい……」
震える手で差し出されたそれを受け取ると、彼女の瞳から光が失われ、二度と動かなくなった。","「ハハハ...この地図を……私と同じ姿をした仲間に……私はここに置いていってくれていい……」
震える手で差し出されたそれを受け取ると、彼女の瞳から光が失われ、二度と動かなくなった。","","","",""
"[color=green]●行動「オオカワウソ・地図」が解禁されました。[/color]","[color=green]●行動「オオカワウソ・地図」が解禁されました。[/color]","","","",""
"アライさんとフェネックのフレンズが住んでいる階だ。","アライさんとフェネックのフレンズが住んでいる階だ。","","","",""
"訪問する","訪問する","","","",""
"階段に行く","階段に行く","","","",""
"なんか嫌な予感がする。階段を使うのはやめておこう。","なんか嫌な予感がする。階段を使うのはやめておこう。","","","",""
"上と下に階段が延びている。
折り返しがなく、ただひたすらまっすぐに・・・。","上と下に階段が延びている。
折り返しがなく、ただひたすらまっすぐに・・・。","","","",""
"階段を上がる","階段を上がる","","","",""
"階段を下る","階段を下る","","","",""
"階段を1階分上がった。","階段を1階分上がった。","","","",""
"階段を1階分下った。","階段を1階分下った。","","","",""
"この階に進む扉がある。相変わらず階段は上下に続いている。","この階に進む扉がある。相変わらず階段は上下に続いている。","","","",""
"この階に行く","この階に行く","","","",""
"扉の先は、アライさん達の居住階と同じような、平穏そうな階だった。","扉の先は、アライさん達の居住階と同じような、平穏そうな階だった。","","","",""
"扉を開けた瞬間、視界が赤く染まり、意識が遠のいていった。
[color=green]●「転送耐性」スキル発動しました。転送酔いを防止しました。[/color]","扉を開けた瞬間、視界が赤く染まり、意識が遠のいていった。
[color=green]●「転送耐性」スキル発動しました。転送酔いを防止しました。[/color]","","","",""
"扉を開けた瞬間、視界が赤く染まり、意識が遠のいていった。
[color=green]●激しい転送酔いを起こしました。[/color]","扉を開けた瞬間、視界が赤く染まり、意識が遠のいていった。
[color=green]●激しい転送酔いを起こしました。[/color]","","","",""
"この階にはもう何もない。","この階にはもう何もない。","","","",""
"エレベーターの扉が開くと、待ち構えていたかのように床にアタッシュケースが置かれていた。
アルミ製の、ホームセンターで買えるようなごくありふれたものだ。
問題ないだろう。ケースを開けた。","エレベーターの扉が開くと、待ち構えていたかのように床にアタッシュケースが置かれていた。
アルミ製の、ホームセンターで買えるようなごくありふれたものだ。
問題ないだろう。ケースを開けた。","","","",""
"中には封筒に入った数枚のレポート。
表紙の記述を見て、ここで読むものではないと判断し、持ち帰る事にした。","中には封筒に入った数枚のレポート。
表紙の記述を見て、ここで読むものではないと判断し、持ち帰る事にした。","","","",""
"左右を無数の扉に挟まれた、長い廊下が続く階層。
窓一つないこの閉塞感は、ここが地下であることを連想させた。
闇を払うべく、ようやく見つけた照明スイッチに手を伸ばす。
その指先が触れる直前、壁に書かれた文章に気付いた。","左右を無数の扉に挟まれた、長い廊下が続く階層。
窓一つないこの閉塞感は、ここが地下であることを連想させた。
闇を払うべく、ようやく見つけた照明スイッチに手を伸ばす。
その指先が触れる直前、壁に書かれた文章に気付いた。","","","",""
"スイッチには「ON」「OFF」、スイッチ近くの壁に、「DON'T TURN OFF!」。
そして、スイッチは「ON」側に倒れていた。","スイッチには「ON」「OFF」、スイッチ近くの壁に、「DON'T TURN OFF!」。
そして、スイッチは「ON」側に倒れていた。","","","",""
"「ON」・・・？ この暗さで・・・？
確認しようと見上げると、大量に蠢く虫が光を遮っていた。
もし、このスイッチを「OFF」にしていたら、あの虫に襲われる可能性があったかもしれない。","「ON」・・・？ この暗さで・・・？
確認しようと見上げると、大量に蠢く虫が光を遮っていた。
もし、このスイッチを「OFF」にしていたら、あの虫に襲われる可能性があったかもしれない。","","","",""
"後ずさりしたところ、背後にいた誰かにぶつかった。
振り返ると、ガスマスクをつけたオオカワウソのフレンズだった。
ガスマスクをはずしつつ、OFFの文字を指して、「ヤバイオッサンのマーク！　警戒！」
そう言うと、彼女はエレベーターに走っていった。","後ずさりしたところ、背後にいた誰かにぶつかった。
振り返ると、ガスマスクをつけたオオカワウソのフレンズだった。
ガスマスクをはずしつつ、OFFの文字を指して、「ヤバイオッサンのマーク！　警戒！」
そう言うと、彼女はエレベーターに走っていった。","","","",""
"[color=green]●行動「オオカワウソ・マスク」が解禁されました。[/color]","[color=green]●行動「オオカワウソ・マスク」が解禁されました。[/color]","","","",""
"マンションの廊下に、大きな布がたくさん干されている。
各部屋の中から電源を取って、布の裏からライトが当てられている。","マンションの廊下に、大きな布がたくさん干されている。
各部屋の中から電源を取って、布の裏からライトが当てられている。","","","",""
"ライトと布の間には誰もいないはずなのに、
布にはフレンズや人間、よくわからないものまで
様々な生物の影が映っている。","ライトと布の間には誰もいないはずなのに、
布にはフレンズや人間、よくわからないものまで
様々な生物の影が映っている。","","","",""
"布を調査する","布を調査する","","","",""
"影に話しかける","影に話しかける","","","",""
"影に話しかけようとしたら、影の方から話しかけてきた。","影に話しかけようとしたら、影の方から話しかけてきた。","","","",""
"「俺の声が聞こえるか？　お前は誰だ？」","「俺の声が聞こえるか？　お前は誰だ？」","","","",""
"即危害を加えてくるようなそぶりはなさそうだ。
自分はこのマンションを探索している者だと答えた。","即危害を加えてくるようなそぶりはなさそうだ。
自分はこのマンションを探索している者だと答えた。","","","",""
"「俺もそうだ。探索者は珍しくないのだろうが・・
  お前は何の目的で探索をしているんだ？」","「俺もそうだ。探索者は珍しくないのだろうが・・
  お前は何の目的で探索をしているんだ？」","","","",""
"話す","話す","","","",""
"話さない","話さない","","","",""
"財団の存在は公にはしてはいけない。
ただ、この影に言うのは「公」に当てはまるのか？
別に問題ないのではないかと思い、話してみることにした。","財団の存在は公にはしてはいけない。
ただ、この影に言うのは「公」に当てはまるのか？
別に問題ないのではないかと思い、話してみることにした。","","","",""
"「あれ、そうなのか。俺も全く同じだよ。まあ、よろしく頼む」","「あれ、そうなのか。俺も全く同じだよ。まあ、よろしく頼む」","","","",""
"そんな気がしていたのもあるが、その通りだとは。
ただ、上級職員ならともかく、同じランクの財団職員は把握している。
少なくとも聞こえてくる声の人物は、自分は知らない。
考えられるのは・・","そんな気がしていたのもあるが、その通りだとは。
ただ、上級職員ならともかく、同じランクの財団職員は把握している。
少なくとも聞こえてくる声の人物は、自分は知らない。
考えられるのは・・","","","",""
"財団の存在は公にはしてはいけない。この影に言うのが公なのかはわからんが。
どんな怪異があるのかを調査しているが、これ以上の事は話せないと伝えた。","財団の存在は公にはしてはいけない。この影に言うのが公なのかはわからんが。
どんな怪異があるのかを調査しているが、これ以上の事は話せないと伝えた。","","","",""
"「そうか、実は自分も詳細は話せないんだが・・・もしかしたら同じ事情なんじゃないか？」","「そうか、実は自分も詳細は話せないんだが・・・もしかしたら同じ事情なんじゃないか？」","","","",""
"自分も一瞬そう思ったが、そんな事は無いはずだ。
同じランクの財団職員は把握している。
考えられるのは・・","自分も一瞬そう思ったが、そんな事は無いはずだ。
同じランクの財団職員は把握している。
考えられるのは・・","","","",""
"影は別の世界の人間","影は別の世界の人間","","","",""
"怪異に閉じ込められた前任の職員","怪異に閉じ込められた前任の職員","","","",""
"自分はあなたを知らないのだが、あなたは別の世界の住人なのでは？
そちらにも同じような財団があり、たまたまこうして
同じような立場の自分たちが出会ったのでは？","自分はあなたを知らないのだが、あなたは別の世界の住人なのでは？
そちらにも同じような財団があり、たまたまこうして
同じような立場の自分たちが出会ったのでは？","","","",""
"「そうかもしれない。そもそも布越しの影なんだし、
　そう考えるのが自然だよな」","「そうかもしれない。そもそも布越しの影なんだし、
　そう考えるのが自然だよな」","","","",""
"それからしばらく色々話してみたが、実に気が合う奴だった。
話も弾んだ。","それからしばらく色々話してみたが、実に気が合う奴だった。
話も弾んだ。","","","",""
"情報交換ができるかもしれない","情報交換ができるかもしれない","","","",""
"違和感がある","違和感がある","","","",""
"あなたは閉じ込められているのでは？と聞こうとした時、
影の方から言ってきた。","あなたは閉じ込められているのでは？と聞こうとした時、
影の方から言ってきた。","","","",""
"「ところで、この布だらけの階から出られなくなっている気がするんだ。
　時間の感覚がはっきりしない。来たばっかりな気もするし、
　すごく時間が経っているのかもしれない」","「ところで、この布だらけの階から出られなくなっている気がするんだ。
　時間の感覚がはっきりしない。来たばっかりな気もするし、
　すごく時間が経っているのかもしれない」","","","",""
"それからしばらく詳しい状況を聞いてみたが、
確かにいまいち要領を得られなかった。
だが、そんな状況でも彼は挫けている様子はなく、強さを感じた。","それからしばらく詳しい状況を聞いてみたが、
確かにいまいち要領を得られなかった。
だが、そんな状況でも彼は挫けている様子はなく、強さを感じた。","","","",""
"助ける","助ける","","","",""
"向こうの世界も同じマンションなら、情報交換ができるかもしれないと思った。
","向こうの世界も同じマンションなら、情報交換ができるかもしれないと思った。
","","","",""
"「それは確かにその通りだ。早速やってみよう」
","「それは確かにその通りだ。早速やってみよう」
","","","",""
"探索結果をお互いに話しあってみた。
階数と起こる怪異まで全く同じで、期待が持てた。
しかし、話が進むうちに・・・
","探索結果をお互いに話しあってみた。
階数と起こる怪異まで全く同じで、期待が持てた。
しかし、話が進むうちに・・・
","","","",""
"「調査結果が同じ過ぎないか？　まるで同一人物みたいだ。
　どちらかだけが持っている情報みたいなのが全く無い」
","「調査結果が同じ過ぎないか？　まるで同一人物みたいだ。
　どちらかだけが持っている情報みたいなのが全く無い」
","","","",""
"その通りだ。ただ同一人物ではないと思う。
声も喋り方も、そもそも影の形が違うし、同一人物というよりは、すごく気の合う友人のような感じだ。
それにしては、調査結果が同じすぎるので、自分も同一人物説はよぎったが。","その通りだ。ただ同一人物ではないと思う。
声も喋り方も、そもそも影の形が違うし、同一人物というよりは、すごく気の合う友人のような感じだ。
それにしては、調査結果が同じすぎるので、自分も同一人物説はよぎったが。","","","",""
"「同一人物なわけないか。ともかく、有益な情報を持っていなくてすまなかった」
","「同一人物なわけないか。ともかく、有益な情報を持っていなくてすまなかった」
","","","",""
"謝るのはこちらの方だと返し、互いに健闘を祈り、別れた。
気のいいやつだった。また会えるといいな。

","謝るのはこちらの方だと返し、互いに健闘を祈り、別れた。
気のいいやつだった。また会えるといいな。

","","","",""
"会話はできている。怪異だとしても、怪異らしからぬ常識も持ち合わせている。
それに、とても気が合う。
だが、なんだろうか、この違和感は。
","会話はできている。怪異だとしても、怪異らしからぬ常識も持ち合わせている。
それに、とても気が合う。
だが、なんだろうか、この違和感は。
","","","",""
"今日のところは一旦帰るよ","今日のところは一旦帰るよ","","","",""
"お前はもしかして、火星からやってきた介護ロボットか？","お前はもしかして、火星からやってきた介護ロボットか？","","","",""
"「そうか、俺もそろそろ帰るかな」
互いに健闘を祈り、別れた。

","「そうか、俺もそろそろ帰るかな」
互いに健闘を祈り、別れた。

","","","",""
"違和感はあるが、特に害があるわけではないし、問題ないだろう。

","違和感はあるが、特に害があるわけではないし、問題ないだろう。

","","","",""
"「お前はもしかして、火星からやってきた介護ロボットか？」

","「お前はもしかして、火星からやってきた介護ロボットか？」

","","","",""
"「そう聞いて欲しいのかなと思って聞いたんだが、そんなわけないよな。
　いくらなんでも、唐突に、一言一句違わずにそんなことを聞くなんて、ありえない。
　心の中を読むでも無い限りは」","「そう聞いて欲しいのかなと思って聞いたんだが、そんなわけないよな。
　いくらなんでも、唐突に、一言一句違わずにそんなことを聞くなんて、ありえない。
　心の中を読むでも無い限りは」","","","",""
"「そう、これはおそらく俺が『こうであってほしい』と思った像が出る怪異なんだ。
　だから趣味も性格も絶対に合う。最高の友人になれる」","「そう、これはおそらく俺が『こうであってほしい』と思った像が出る怪異なんだ。
　だから趣味も性格も絶対に合う。最高の友人になれる」","","","",""
"「でも、タネを知ってしまった以上、それはもう無理だ。
　これだって俺が思った考えを喋ってくれているにすぎない」","「でも、タネを知ってしまった以上、それはもう無理だ。
　これだって俺が思った考えを喋ってくれているにすぎない」","","","",""
"「さて、もう俺にできる事はこの場を立ち去る事だけだ。
　まあ、気が向いたらまた会おう。
　話すの自体は面白いしな」","「さて、もう俺にできる事はこの場を立ち去る事だけだ。
　まあ、気が向いたらまた会おう。
　話すの自体は面白いしな」","","","",""
"助けるにしても、どうすればいいだろう？

","助けるにしても、どうすればいいだろう？

","","","",""
"布を持ち帰って調べる","布を持ち帰って調べる","","","",""
"ライトを消してみる","ライトを消してみる","","","",""
"とりあえず、この布を持ち帰って調べてみようと思う。
と、布に手をかけて引っ張りおろそうとしたとき、","とりあえず、この布を持ち帰って調べてみようと思う。
と、布に手をかけて引っ張りおろそうとしたとき、","","","",""
"「そうするしかないよな。俺も手伝うよ」

シュルッ、と布の擦れる音と共に、
探索者と影と布は消えてなくなった。","「そうするしかないよな。俺も手伝うよ」

シュルッ、と布の擦れる音と共に、
探索者と影と布は消えてなくなった。","","","",""
"ライトが彼をここに影として縛り付けているのでは？
と思い、ライトのコードを辿って部屋に入り、プラグを抜いた。","ライトが彼をここに影として縛り付けているのでは？
と思い、ライトのコードを辿って部屋に入り、プラグを抜いた。","","","",""
"戻ってきてみると、照らされなくなった布があるだけだ。声も聞こえない。","戻ってきてみると、照らされなくなった布があるだけだ。声も聞こえない。","","","",""
"布とライトを回収して、管理人室で光を当てたり財団に預けて調べたりしてもらったが、
なんの変哲もないただの布とライトということだった。
消息不明の前任者が戻ってきたという話も聞かない。","布とライトを回収して、管理人室で光を当てたり財団に預けて調べたりしてもらったが、
なんの変哲もないただの布とライトということだった。
消息不明の前任者が戻ってきたという話も聞かない。","","","",""
"もしかして、自分は取り返しのつかない事をしてしまったのだろうか？
それとも、状況は何も変わっていない？","もしかして、自分は取り返しのつかない事をしてしまったのだろうか？
それとも、状況は何も変わっていない？","","","",""
"「深海」より深いはずのこの階では、あまり息苦しくなく探索することができた。
マンション内は、時間がずれていることが珍しくない。
そう考えるとこの階は、「深海」での行動が十分に影響して酸素が行きわたった、
未来の世界の可能性がある。","「深海」より深いはずのこの階では、あまり息苦しくなく探索することができた。
マンション内は、時間がずれていることが珍しくない。
そう考えるとこの階は、「深海」での行動が十分に影響して酸素が行きわたった、
未来の世界の可能性がある。","","","",""
"海底の岩を利用した、宮殿のような建造物があった。
奥に進むほど、深海の時のように、再び息苦しくなっていった。
最奥部には、虹色に輝く石が置かれていた。","海底の岩を利用した、宮殿のような建造物があった。
奥に進むほど、深海の時のように、再び息苦しくなっていった。
最奥部には、虹色に輝く石が置かれていた。","","","",""
"息苦しい、つまり、「深海」の行動の影響が無いのは、この石のせいかもしれない。
石を回収し、撤収を開始する。","息苦しい、つまり、「深海」の行動の影響が無いのは、この石のせいかもしれない。
石を回収し、撤収を開始する。","","","",""
"この石には、周囲の時間の流れを遅くする効果があると判断した。
フレンズを発生させたと言われる物質「サンドスター」に性質が似ている気がする。","この石には、周囲の時間の流れを遅くする効果があると判断した。
フレンズを発生させたと言われる物質「サンドスター」に性質が似ている気がする。","","","",""
"サンドスターについては様々な研究がされている。
例えば、同じようなものを人工的に作る研究。
その中には、大事故を起こし、研究所の周囲を含めて隔離されているものもある。
サンドスターの性質の暴走で、時が止まったままになっているとか・・・
この石が本物のサンドスターか、人工物かは戻ったら調べてもらおう。","サンドスターについては様々な研究がされている。
例えば、同じようなものを人工的に作る研究。
その中には、大事故を起こし、研究所の周囲を含めて隔離されているものもある。
サンドスターの性質の暴走で、時が止まったままになっているとか・・・
この石が本物のサンドスターか、人工物かは戻ったら調べてもらおう。","","","",""
"[color=green]●行動「サンドスターレプリカ」が解禁されました。[/color]","[color=green]●行動「サンドスターレプリカ」が解禁されました。[/color]","","","",""
"記憶がおぼろげだが、凄まじい精神への負担があった。
奇跡的に生還する事ができたが、不快さだけが、今も残っている。","記憶がおぼろげだが、凄まじい精神への負担があった。
奇跡的に生還する事ができたが、不快さだけが、今も残っている。","","","",""
"教会のような場所だが、本で埋まっている。
フクロウのフレンズが2人、思い思いに過ごしている。安全な階のようだ。","教会のような場所だが、本で埋まっている。
フクロウのフレンズが2人、思い思いに過ごしている。安全な階のようだ。","","","",""
"スキルを学ぶ","スキルを学ぶ","","","",""
"フレンズと会話する","フレンズと会話する","","","",""
"何を聞こう？","何を聞こう？","","","",""
"何をしているのか","何をしているのか","","","",""
"この階について","この階について","","","",""
"マンションについて","マンションについて","","","",""
"会話を終える","会話を終える","","","",""
"コノハ「ここには、我々が持ち込んだ本がたくさんあるのです」
ミミ「マンションの探索に役立つスキルの本もあるはずです」
コノハ「対価と引き換えに、本を読ませてやるです」
ミミ「食料を買うための、対価をよこすのです」","コノハ「ここには、我々が持ち込んだ本がたくさんあるのです」
ミミ「マンションの探索に役立つスキルの本もあるはずです」
コノハ「対価と引き換えに、本を読ませてやるです」
ミミ「食料を買うための、対価をよこすのです」","","","",""
"コノハ「ここが何をするところかはわからないのですが」
ミミ「明るくて綺麗で本棚もいっぱいあったのです」
コノハ「こわい事も起こらないので、我々はここに入り浸っているのです」","コノハ「ここが何をするところかはわからないのですが」
ミミ「明るくて綺麗で本棚もいっぱいあったのです」
コノハ「こわい事も起こらないので、我々はここに入り浸っているのです」","","","",""
"エレベーターにも書いてあった通り、教会だとは思うのだが。
フレンズにそういった概念は無いのだろう。
逆に、ここで祈ったりしたら何か起こってしまうかもしれない。
やめておいた方がよさそうだ。","エレベーターにも書いてあった通り、教会だとは思うのだが。
フレンズにそういった概念は無いのだろう。
逆に、ここで祈ったりしたら何か起こってしまうかもしれない。
やめておいた方がよさそうだ。","","","",""
"ミミ「ちなみに、ここは明るいけれど、窓の向こう側は照明だったのです」
コノハ「外がないのです。いいことです」
ミミ「マンションの中から見える外は全部ニセモノなのです」
コノハ「我々が発見しました。賢いので」","ミミ「ちなみに、ここは明るいけれど、窓の向こう側は照明だったのです」
コノハ「外がないのです。いいことです」
ミミ「マンションの中から見える外は全部ニセモノなのです」
コノハ「我々が発見しました。賢いので」","","","",""
"つまり、
外が見える階→怪異の存在が確定
外が見えない階→怪異が無い
ってことか？","つまり、
外が見える階→怪異の存在が確定
外が見えない階→怪異が無い
ってことか？","","","",""
"・・いや、それを証明するのは無理だ。
ここみたいに狭ければ外が見えない階である事はすぐに確認できるが、
一見外が見えなくても、無限に広い階とかもあるしなあ・・・","・・いや、それを証明するのは無理だ。
ここみたいに狭ければ外が見えない階である事はすぐに確認できるが、
一見外が見えなくても、無限に広い階とかもあるしなあ・・・","","","",""
"コノハ「このマンションが何階建てか、考えた事があるですか？」
ミミ「ざっと計算したですが、7兆を超えるのです」
コノハ「間違ってたらごめんなのです」
ミミ「1階層を1秒で探索したとしても、20万年以上かかるです」","コノハ「このマンションが何階建てか、考えた事があるですか？」
ミミ「ざっと計算したですが、7兆を超えるのです」
コノハ「間違ってたらごめんなのです」
ミミ「1階層を1秒で探索したとしても、20万年以上かかるです」","","","",""
"確かに、あのエレベーターのボタンと組み合わせからはそのくらいありそうだ。
だから、調査の完了は全ての階を明らかにすることではない。","確かに、あのエレベーターのボタンと組み合わせからはそのくらいありそうだ。
だから、調査の完了は全ての階を明らかにすることではない。","","","",""
"ミミ「エレベーター内に書かれた階情報も不可解なのです」
コノハ「探索者が書いたものであることは間違いないですが」
ミミ「どうやって膨大な階の中からあれらをうまいこと発見したのか不思議です」
","ミミ「エレベーター内に書かれた階情報も不可解なのです」
コノハ「探索者が書いたものであることは間違いないですが」
ミミ「どうやって膨大な階の中からあれらをうまいこと発見したのか不思議です」
","","","",""
"考えられる可能性として、
このマンションの各階は、誰かが初めて訪れた時に、階の内容がある程度意図したものに確定するのではないだろうか？
いわば「シュレーディンガーの猫」のように。","考えられる可能性として、
このマンションの各階は、誰かが初めて訪れた時に、階の内容がある程度意図したものに確定するのではないだろうか？
いわば「シュレーディンガーの猫」のように。","","","",""
"コノハ「我々ばかり喋っているのです」
ミミ「なんか言えです」","コノハ「我々ばかり喋っているのです」
ミミ「なんか言えです」","","","",""
"1番目のスキルを忘れる　￥70","1番目のスキルを忘れる　￥70","","","",""
"2番目のスキルを忘れる　￥70","2番目のスキルを忘れる　￥70","","","",""
"逃走経路確保　￥10","逃走経路確保　￥10","","","",""
"値切　￥10","値切　￥10","","","",""
"様子見　￥10","様子見　￥10","","","",""
"観察　￥10","観察　￥10","","","",""
"外泊許可　￥5","外泊許可　￥5","","","",""
"危険予知　￥20","危険予知　￥20","","","",""
"精神防御　￥100","精神防御　￥100","","","",""
"交渉　￥20","交渉　￥20","","","",""
"転送耐性　￥50","転送耐性　￥50","","","",""
"ドローン撮影　￥20","ドローン撮影　￥20","","","",""
"宝探し　￥20","宝探し　￥20","","","",""
"探索計画　￥15","探索計画　￥15","","","",""
"移動体通信　￥50","移動体通信　￥50","","","",""
"やめる","やめる","","","",""
"人間1人が入れるほどの大きさのカプセルが、壁一面に大量に設置されている。
1台だけ赤い。","人間1人が入れるほどの大きさのカプセルが、壁一面に大量に設置されている。
1台だけ赤い。","","","",""
"赤いカプセルと、その隣のカプセルはおそらく蓋が開くが、
それ以外のカプセルは蓋が溶接されている。","赤いカプセルと、その隣のカプセルはおそらく蓋が開くが、
それ以外のカプセルは蓋が溶接されている。","","","",""
"なんか怖い・・・帰ろう。","なんか怖い・・・帰ろう。","","","",""
"赤いカプセルの近くに、財団職員が立っている。","赤いカプセルの近くに、財団職員が立っている。","","","",""
"財団職員が話しかけてきた。
「ここがどういう所が知っているのか？」","財団職員が話しかけてきた。
「ここがどういう所が知っているのか？」","","","",""
"知らないと答えた。
","知らないと答えた。
","","","",""
"「であれば問題ない。ここの探索は不要だ。
　ごらんのとおり、用途不明のカプセルがあるだけだ。」
探索不要と言われれば従うしかない。
引き返す事にした。","「であれば問題ない。ここの探索は不要だ。
　ごらんのとおり、用途不明のカプセルがあるだけだ。」
探索不要と言われれば従うしかない。
引き返す事にした。","","","",""
"財団職員が話しかけてきた。
「お前はすでに複製が1人いるな？
　何人も複製を作られるのは、俺もお前もリスクが高い」","財団職員が話しかけてきた。
「お前はすでに複製が1人いるな？
　何人も複製を作られるのは、俺もお前もリスクが高い」","","","",""
"仕方ないので、引き返す事にした。","仕方ないので、引き返す事にした。","","","",""
"財団職員が話しかけてきた。
「何に使う階か知ってしまったようだな」","財団職員が話しかけてきた。
「何に使う階か知ってしまったようだな」","","","",""
"複製カプセルを使えるのか聞いた。","複製カプセルを使えるのか聞いた。","","","",""
"「ブリーフィングでも説明を受けたと思うが、
マンションの怪異の影響を受けて変質してしまった財団職員は処分される。
今は、この複製室を使った場合も該当する」","「ブリーフィングでも説明を受けたと思うが、
マンションの怪異の影響を受けて変質してしまった財団職員は処分される。
今は、この複製室を使った場合も該当する」","","","",""
"要は、財団にバレなければいいという事だ。
この男は、自分より職員としてのクラスが上だ。
実力行使は不可能だろう。
つまり・・・","要は、財団にバレなければいいという事だ。
この男は、自分より職員としてのクラスが上だ。
実力行使は不可能だろう。
つまり・・・","","","",""
"ワイロを渡して、自分を複製する","ワイロを渡して、自分を複製する","","","",""
"財団職員が話しかけてきた。
「さて、どうするんだ？」","財団職員が話しかけてきた。
「さて、どうするんだ？」","","","",""
"相手は無反応だ。足りないらしい。
仕方ない、これ以上持ってないし、一旦引き返すか・・・","相手は無反応だ。足りないらしい。
仕方ない、これ以上持ってないし、一旦引き返すか・・・","","","",""
"「・・・差し入れか。
悪いね。せっかくだからちょっと休憩してくるよ」

[color=green]●職員を買収しました。[/color]","「・・・差し入れか。
悪いね。せっかくだからちょっと休憩してくるよ」

[color=green]●職員を買収しました。[/color]","","","",""
"赤いカプセルに入り、端末を操作すると蓋が閉まった。
水が大量に吹き出るような音が外から聞こえる。
それが止むと、扉が開き、
隣のカプセルからもう一人の自分がうろたえながら出てきた。","赤いカプセルに入り、端末を操作すると蓋が閉まった。
水が大量に吹き出るような音が外から聞こえる。
それが止むと、扉が開き、
隣のカプセルからもう一人の自分がうろたえながら出てきた。","","","",""
"この部屋の用途に関する記憶だけが無いようだ。
あの職員がそのように設定したのかもしれない。

[color=green]●死亡時のロストを1度だけ防止できるようになりました。[/color]","この部屋の用途に関する記憶だけが無いようだ。
あの職員がそのように設定したのかもしれない。

[color=green]●死亡時のロストを1度だけ防止できるようになりました。[/color]","","","",""
"エレベーターにあった記述が正しいなら、ここは「海」の階よりも深いところだ。
得体の知れない魚群が、まるでもう一つの水面のような光景を作っている。
その上には、沈んだ船がかつての姿のように浮いている。","エレベーターにあった記述が正しいなら、ここは「海」の階よりも深いところだ。
得体の知れない魚群が、まるでもう一つの水面のような光景を作っている。
その上には、沈んだ船がかつての姿のように浮いている。","","","",""
"相変わらず何故か呼吸ができるものの、「海」の階よりは深いからか、流石に少し息苦しい気がする。
さて、探索だが、魚群の中に突っ込む気は起きない。
まずはあの船を目指すことにした。","相変わらず何故か呼吸ができるものの、「海」の階よりは深いからか、流石に少し息苦しい気がする。
さて、探索だが、魚群の中に突っ込む気は起きない。
まずはあの船を目指すことにした。","","","",""
"廃船に辿り着き、船内を探索すると、
操舵室に赤く光るスイッチを見つけた。","廃船に辿り着き、船内を探索すると、
操舵室に赤く光るスイッチを見つけた。","","","",""
"スイッチを切り替えると、操舵室が氷つきはじめた。
氷は信じられない速度と規模で増殖し、操舵室だけでなく船全体を氷で覆い、
その重みで船ごと魚群の下に沈んでいく。
撤退するしかなかった。","スイッチを切り替えると、操舵室が氷つきはじめた。
氷は信じられない速度と規模で増殖し、操舵室だけでなく船全体を氷で覆い、
その重みで船ごと魚群の下に沈んでいく。
撤退するしかなかった。","","","",""
"撤退しながら、あの装置の意味について考えていた。
海水に含まれる酸素の量は、海水の温度が低いほど多くなるという。
だからといって、氷で冷やしただけですぐに酸素が増えるのか？","撤退しながら、あの装置の意味について考えていた。
海水に含まれる酸素の量は、海水の温度が低いほど多くなるという。
だからといって、氷で冷やしただけですぐに酸素が増えるのか？","","","",""
"この疑問を確認する方法はある。
さらに下だ。","この疑問を確認する方法はある。
さらに下だ。","","","",""
"ビュッフェスタイルの食堂だ。
誰もいないが、今のところ特に異常は見られない。","ビュッフェスタイルの食堂だ。
誰もいないが、今のところ特に異常は見られない。","","","",""
"どうしようかと、一緒に行動していた探索メンバーと顔を見合わせた。","どうしようかと、一緒に行動していた探索メンバーと顔を見合わせた。","","","",""
"そこで異常に気付いた。
対面したメンバーの背後が、赤黒い世界に変貌していた。謎の肉塊が散乱し、黒い影がゆらめいている。
メンバーもこちらの背後を見て驚き、続けて後ろを見た。
メンバーの背後が正常な食堂に戻った刹那、自分の視界が赤く染まった。","そこで異常に気付いた。
対面したメンバーの背後が、赤黒い世界に変貌していた。謎の肉塊が散乱し、黒い影がゆらめいている。
メンバーもこちらの背後を見て驚き、続けて後ろを見た。
メンバーの背後が正常な食堂に戻った刹那、自分の視界が赤く染まった。","","","",""
"この階は、「視界の範囲外に異常な世界が有る」階だった。
ぼんやりと見えるエレベーターの入り口の床に、「KEEP ALONE」と書いてある。
複数人で来てしまい他人の死角を見た事で、異常に気付いた。
そして今、自分は他人の死角・・・赤黒い世界に来てしまった。","この階は、「視界の範囲外に異常な世界が有る」階だった。
ぼんやりと見えるエレベーターの入り口の床に、「KEEP ALONE」と書いてある。
複数人で来てしまい他人の死角を見た事で、異常に気付いた。
そして今、自分は他人の死角・・・赤黒い世界に来てしまった。","","","",""
"[color=green]●「転送耐性」スキル発動しました。転送酔いを防止しました。[/color]","[color=green]●「転送耐性」スキル発動しました。転送酔いを防止しました。[/color]","","","",""
"[color=green]●激しい転送酔いを起こしました。[/color]","[color=green]●激しい転送酔いを起こしました。[/color]","","","",""
"様々な食事が用意されていた。多くの人に知られている階のはずだが、
店内の壁などに食事が危ないという注意書きは特にない。","様々な食事が用意されていた。多くの人に知られている階のはずだが、
店内の壁などに食事が危ないという注意書きは特にない。","","","",""
"いや、入口あたりの床に「KEEP ALONE」と書いてあるが・・
今は1人だし、食べても問題ないだろう。","いや、入口あたりの床に「KEEP ALONE」と書いてあるが・・
今は1人だし、食べても問題ないだろう。","","","",""
"配膳卓には「準備中」の札が置いてあるだけだった。
誰もいないし、待っていても補充される事はなさそうだ。
日を改めてまた来よう。","配膳卓には「準備中」の札が置いてあるだけだった。
誰もいないし、待っていても補充される事はなさそうだ。
日を改めてまた来よう。","","","",""
"洋館風の内装だが、壁には様々な大きさの、作成途中に見える人形が吊るされている。
机の上には裁縫道具やハギレ等がある。人形を作っている工房のようだ。","洋館風の内装だが、壁には様々な大きさの、作成途中に見える人形が吊るされている。
机の上には裁縫道具やハギレ等がある。人形を作っている工房のようだ。","","","",""
"広大な室内をしばらく奥へと進むと、突き当りにドアがあった。
灯りが漏れており、何者かの気配がある。
工房の職人？　まともな人間がいるとは思えないが・・・","広大な室内をしばらく奥へと進むと、突き当りにドアがあった。
灯りが漏れており、何者かの気配がある。
工房の職人？　まともな人間がいるとは思えないが・・・","","","",""
"ドアには木の札がいくつか下げられていて、人形の大きさと値段が書いてある。
好きな木の札を取り、お金と一緒にドアの穴に投入すれば、
自分にそっくりな人形を作って貰えるようだ。","ドアには木の札がいくつか下げられていて、人形の大きさと値段が書いてある。
好きな木の札を取り、お金と一緒にドアの穴に投入すれば、
自分にそっくりな人形を作って貰えるようだ。","","","",""
"１の札を入れる","１の札を入れる","","","",""
"２の札を入れる","２の札を入れる","","","",""
"３の札を入れる","３の札を入れる","","","",""
"[color=green]●お金が足りません。[/color]","[color=green]●お金が足りません。[/color]","","","",""
"札を入れると、工房のあちこちからミシンの音が聴こえてきた。
それが止むと、遠くの方から地響きと、自分にそっくりな唸り声が・・・。","札を入れると、工房のあちこちからミシンの音が聴こえてきた。
それが止むと、遠くの方から地響きと、自分にそっくりな唸り声が・・・。","","","",""
"自分にそっくりな巨大人形は明らかに自分を探していた。","自分にそっくりな巨大人形は明らかに自分を探していた。","","","",""
"先人探索者が残したと思われるメモ書きに従い、
自分にそっくりな人形に見つからないルートを通ってエレベーター前まで戻ってくることができた。","先人探索者が残したと思われるメモ書きに従い、
自分にそっくりな人形に見つからないルートを通ってエレベーター前まで戻ってくることができた。","","","",""
"また、逃走中に、階情報を示す資料を見つけた。
「клиент：[outline_size=8][outline_color=red]Ж-13-А-７[/outline_color][/outline_size]」","また、逃走中に、階情報を示す資料を見つけた。
「клиент：[outline_size=8][outline_color=red]Ж-13-А-７[/outline_color][/outline_size]」","","","",""
"人形と様々なドールハウスが並んだ部屋に出た。
売り物っぽく並んでいるが、例によって店員は見かけない。
中央の目立つ位置に、ひときわ大きなドールハウスがあった。
覗き込むと、この店内を模したものだった。","人形と様々なドールハウスが並んだ部屋に出た。
売り物っぽく並んでいるが、例によって店員は見かけない。
中央の目立つ位置に、ひときわ大きなドールハウスがあった。
覗き込むと、この店内を模したものだった。","","","",""
"ドールハウス内中央に、自分にそっくりな人形が鎮座していた。","ドールハウス内中央に、自分にそっくりな人形が鎮座していた。","","","",""
"自分にそっくりな人形を調べる","自分にそっくりな人形を調べる","","","",""
"棚の模型を調べる","棚の模型を調べる","","","",""
"しばらく眺めていたが、特に何も起こりそうになかった。","しばらく眺めていたが、特に何も起こりそうになかった。","","","",""
"自分にそっくりな人形を掴み、調べた。
ただの人形で、特におかしなところは無い・・そう思った時、
自分の体が宙に浮いた。","自分にそっくりな人形を掴み、調べた。
ただの人形で、特におかしなところは無い・・そう思った時、
自分の体が宙に浮いた。","","","",""
"黒いもやのような巨大な手に掴まれている！
天井をすり抜けてさらに上昇し、視界が赤く染まっていった・・・","黒いもやのような巨大な手に掴まれている！
天井をすり抜けてさらに上昇し、視界が赤く染まっていった・・・","","","",""
"人形も気になるが、純粋にドールハウスの精巧さに見惚れていた。
例えばこの、棚ひとつ見ても・・・","人形も気になるが、純粋にドールハウスの精巧さに見惚れていた。
例えばこの、棚ひとつ見ても・・・","","","",""
"そう思いながら、棚の模型を掴んで鑑賞しようとしたとき、
背後で風が吹いたような気がした。
振り返ると、そこに置かれていた本物の棚が、巨大な黒い手によって
空中に浮かび上がり、天井へ吸い込まれるように消えていた。","そう思いながら、棚の模型を掴んで鑑賞しようとしたとき、
背後で風が吹いたような気がした。
振り返ると、そこに置かれていた本物の棚が、巨大な黒い手によって
空中に浮かび上がり、天井へ吸い込まれるように消えていた。","","","",""
"そして、棚が消えたところの壁に、こう書かれていた。
「Don't touch ANYTHING」","そして、棚が消えたところの壁に、こう書かれていた。
「Don't touch ANYTHING」","","","",""
"背後の扉が開き、ぶかぶかの制服のようなものを着たフレンズが現れた。
「あぶないところでしたね！
　もし自分の人形を掴んでいたら、どうなっていたか。
　あ、その棚は戻しておいた方がいいと思いますよ」","背後の扉が開き、ぶかぶかの制服のようなものを着たフレンズが現れた。
「あぶないところでしたね！
　もし自分の人形を掴んでいたら、どうなっていたか。
　あ、その棚は戻しておいた方がいいと思いますよ」","","","",""
"呆然と棚の模型を掴んでいたままだったことに気付き、慌てて戻した。
黒い巨大な手に掴まれた棚が上から降りてきた。","呆然と棚の模型を掴んでいたままだったことに気付き、慌てて戻した。
黒い巨大な手に掴まれた棚が上から降りてきた。","","","",""
"「以前にですね、自分の人形を掴んでしまった方がいまして。
　床に落ちていた人形をドールハウスの中に戻したら、助ける事ができました。
　私はエレベーターガールで、その方は家に帰りたがっていたのでお連れしたんですが・・・","「以前にですね、自分の人形を掴んでしまった方がいまして。
　床に落ちていた人形をドールハウスの中に戻したら、助ける事ができました。
　私はエレベーターガールで、その方は家に帰りたがっていたのでお連れしたんですが・・・","","","",""
"　確か、[outline_size=8][outline_color=red]Г-12-５-Б-15-３↗↙[/outline_color][/outline_size]だったかな？
　ちなみにあなたは、どこか行きたいところはありますか？」","　確か、[outline_size=8][outline_color=red]Г-12-５-Б-15-３↗↙[/outline_color][/outline_size]だったかな？
　ちなみにあなたは、どこか行きたいところはありますか？」","","","",""
"ひとまずエントランスに戻ろうと思うことを伝えると、
全然違う階に連れて行かれたので、自分で操作した。","ひとまずエントランスに戻ろうと思うことを伝えると、
全然違う階に連れて行かれたので、自分で操作した。","","","",""
"彼女が噂には聴いていた、エレベーターガールの真似をして遊ぶフレンズだろう。
行きたい階を伝えても、全くデタラメな階に連れていかれるという。
強制的に放りだされるような事はないので、落ち着いて自分でボタンを押しなおせばよく、実害はないのだが。","彼女が噂には聴いていた、エレベーターガールの真似をして遊ぶフレンズだろう。
行きたい階を伝えても、全くデタラメな階に連れていかれるという。
強制的に放りだされるような事はないので、落ち着いて自分でボタンを押しなおせばよく、実害はないのだが。","","","",""
"しかし、さっき言っていた階はどうなのだろうか。
こちらからお願いしたわけでもない、彼女から言い出した階である。
何もなかったとしても、ためしに寄ってみるのも良いかもしれない。","しかし、さっき言っていた階はどうなのだろうか。
こちらからお願いしたわけでもない、彼女から言い出した階である。
何もなかったとしても、ためしに寄ってみるのも良いかもしれない。","","","",""
"[color=green]●行動「偽エレベーターガール」が解禁されました。
●エレベーター操作を偽エレベーターガールに任せる事ができるようになりました。[/color]","[color=green]●行動「偽エレベーターガール」が解禁されました。
●エレベーター操作を偽エレベーターガールに任せる事ができるようになりました。[/color]","","","",""
"ゴミの山を注意深くかき分けながら人影の方へ歩いていく。","ゴミの山を注意深くかき分けながら人影の方へ歩いていく。","","","",""
"人影はフレンズだった。ヘビ類に見えるが、細かい種別は不明だ。
両手が黒く変色しているのが気になるが、
エレベーターの場所を尋ねると、普通に教えてくれた。","人影はフレンズだった。ヘビ類に見えるが、細かい種別は不明だ。
両手が黒く変色しているのが気になるが、
エレベーターの場所を尋ねると、普通に教えてくれた。","","","",""
"「ここで何をしてるかって？」「誰が？」
「ああ　うん　そうそう　見ての通り宝探しだよ」
「ここは静かだし良いものもいっぱい落ちてるからね」","「ここで何をしてるかって？」「誰が？」
「ああ　うん　そうそう　見ての通り宝探しだよ」
「ここは静かだし良いものもいっぱい落ちてるからね」","","","",""
"彼女は独りだが、複数人いるかのような喋り方をしていた。","彼女は独りだが、複数人いるかのような喋り方をしていた。","","","",""
"ギンギツネのフレンズが話しかけてきた。","ギンギツネのフレンズが話しかけてきた。","","","",""
"「君、今エレベーターに乗ったと思ったら、
　すぐに出てきたんだけど、なんでそんなに具合悪そうにしてるの？」","「君、今エレベーターに乗ったと思ったら、
　すぐに出てきたんだけど、なんでそんなに具合悪そうにしてるの？」","","","",""
"理由を話した。","理由を話した。","","","",""
"「なるほど、安全なこの階で矢印の実験をしてみたのね。
　その考え方、嫌いじゃないわ」

気に入られたみたいだ。","「なるほど、安全なこの階で矢印の実験をしてみたのね。
　その考え方、嫌いじゃないわ」

気に入られたみたいだ。","","","",""
"[color=green]●行動「ギンギツネ」が解禁されました。[/color]","[color=green]●行動「ギンギツネ」が解禁されました。[/color]","","","",""
"[color=green]●階探索を完了しました。[/color]
{m_screen_msg}","[color=green]●階探索を完了しました。[/color]
{m_screen_msg}","","","",""
"エレベーターは指定した階に着いたが、扉が開く気配がない。
しかたないので、戻ろうと考えていたところ、
突然エレベーターパネルの下の金属板がはずれ、
中の機械がむき出しになった。","エレベーターは指定した階に着いたが、扉が開く気配がない。
しかたないので、戻ろうと考えていたところ、
突然エレベーターパネルの下の金属板がはずれ、
中の機械がむき出しになった。","","","",""
"支給されている調査用端末と接続できそうな端子がある。
メンテナンス用だろう。普通なら。
・・・どうする？","支給されている調査用端末と接続できそうな端子がある。
メンテナンス用だろう。普通なら。
・・・どうする？","","","",""
"接続する","接続する","","","",""
"意を決して接続した。
端末に何かがダウンロードされ、ウインドウが開いた。","意を決して接続した。
端末に何かがダウンロードされ、ウインドウが開いた。","","","",""
"上下左右のボタンと、画面が表示された。
・・・なんだこれ？","上下左右のボタンと、画面が表示された。
・・・なんだこれ？","","","",""
"ノイズだけでなく、文章が表示されていることから、
なんらかの情報が隠されているのだと思うが・・・
一旦後回しとする事にした。","ノイズだけでなく、文章が表示されていることから、
なんらかの情報が隠されているのだと思うが・・・
一旦後回しとする事にした。","","","",""
"謎を解き、その通りに操作したことで、
コマンドが現れた。","謎を解き、その通りに操作したことで、
コマンドが現れた。","","","",""
"DEBUG M[color=red]ODE[/color]
ERROR
[color=green]ERROR[/color]
ERROR
DEBUG MODE","DEBUG M[color=red]ODE[/color]
ERROR
[color=green]ERROR[/color]
ERROR
DEBUG MODE","","","",""
"文","文","","","",""
"階","階","","","",""
"カード一覧","カード一覧","","","",""
"カードOPEN","カードOPEN","","","",""
"1日経過","1日経過","","","",""
"ぱびりおん","ぱびりおん","","","",""
"チート探索","チート探索","","","",""
"色","色","","","",""
"吾輩は猫である。名前はまだ無い。どこで生れたかとんと見当がつかぬ。何でも薄暗いじめじめした所でニ
ャーニャー泣いていた事だけは記憶している。吾輩はここで始めて人間というものを見た。しかもあとで聞
くとそれは書生という人間中で一番獰悪な種族であったそうだ。この書生というのは時々我々を捕まえて煮
て食うという話である。しかしその当時は何という考もなかったから別段恐しいとも思わなかった。ただ彼
の掌に載せられてスーと持ち上げられた時何だかフワフワした感じがあったばかりである。掌の上で少し落","吾輩は猫である。名前はまだ無い。どこで生れたかとんと見当がつかぬ。何でも薄暗いじめじめした所でニ
ャーニャー泣いていた事だけは記憶している。吾輩はここで始めて人間というものを見た。しかもあとで聞
くとそれは書生という人間中で一番獰悪な種族であったそうだ。この書生というのは時々我々を捕まえて煮
て食うという話である。しかしその当時は何という考もなかったから別段恐しいとも思わなかった。ただ彼
の掌に載せられてスーと持ち上げられた時何だかフワフワした感じがあったばかりである。掌の上で少し落","","","",""
"ちついて書生の顔を見たのがいわゆる人間というものの見始めであろう。この時妙なものだと思った感じが
今でも残っている。第一毛をもって装飾されべきはずの顔がつるつるしてまるで薬缶だ。その後ご猫にもだ
いぶ逢ったがこんな片輪には一度も出会わした事がない。のみならず顔の真中があまりに突起している。そ
うしてその穴の中から時々ぷうぷうと煙けむりを吹く。どうも咽せぽくて実に弱った。これが人間の飲む煙
草というものである事はようやくこの頃知った。この書生の掌の裏でしばらくはよい心持に坐っておったが","ちついて書生の顔を見たのがいわゆる人間というものの見始めであろう。この時妙なものだと思った感じが
今でも残っている。第一毛をもって装飾されべきはずの顔がつるつるしてまるで薬缶だ。その後ご猫にもだ
いぶ逢ったがこんな片輪には一度も出会わした事がない。のみならず顔の真中があまりに突起している。そ
うしてその穴の中から時々ぷうぷうと煙けむりを吹く。どうも咽せぽくて実に弱った。これが人間の飲む煙
草というものである事はようやくこの頃知った。この書生の掌の裏でしばらくはよい心持に坐っておったが","","","",""
"、しばらくすると非常な速力で運転し始めた。書生が動くのか自分だけが動くのか分らないが無暗に眼が廻
る。胸が悪くなる。到底助からないと思っていると、どさりと音がして眼から火が出た。それまでは記憶し
ているがあとは何の事やらいくら考え出そうとしても分らない。ふと気が付いて見ると書生はいない。たく
さんおった兄弟が一疋も見えぬ。肝心の母親さえ姿を隠してしまった。その上今いままでの所とは違って無
暗に明るい。眼を明いていられぬくらいだ。はてな何でも容子がおかしいと、のそのそ這い出して見ると非","、しばらくすると非常な速力で運転し始めた。書生が動くのか自分だけが動くのか分らないが無暗に眼が廻
る。胸が悪くなる。到底助からないと思っていると、どさりと音がして眼から火が出た。それまでは記憶し
ているがあとは何の事やらいくら考え出そうとしても分らない。ふと気が付いて見ると書生はいない。たく
さんおった兄弟が一疋も見えぬ。肝心の母親さえ姿を隠してしまった。その上今いままでの所とは違って無
暗に明るい。眼を明いていられぬくらいだ。はてな何でも容子がおかしいと、のそのそ這い出して見ると非","","","",""
"常に痛い。吾輩は藁わらの上から急に笹原の中へ棄てられたのである。ようやくの思いで笹原を這い出すと
向うに大きな池がある。吾輩は池の前に坐ってどうしたらよかろうと考えて見た。別にこれという分別も出
ない。しばらくして泣いたら書生がまた迎に来てくれるかと考え付いた。ニャー、ニャーと試みにやって見
たが誰も来ない。そのうち池の上をさらさらと風が渡って日が暮れかかる。腹が非常に減って来た。泣きた
くても声が出ない。仕方がない、何でもよいから食物のある所まであるこうと決心をしてそろりそろりと池","常に痛い。吾輩は藁わらの上から急に笹原の中へ棄てられたのである。ようやくの思いで笹原を這い出すと
向うに大きな池がある。吾輩は池の前に坐ってどうしたらよかろうと考えて見た。別にこれという分別も出
ない。しばらくして泣いたら書生がまた迎に来てくれるかと考え付いた。ニャー、ニャーと試みにやって見
たが誰も来ない。そのうち池の上をさらさらと風が渡って日が暮れかかる。腹が非常に減って来た。泣きた
くても声が出ない。仕方がない、何でもよいから食物のある所まであるこうと決心をしてそろりそろりと池","","","",""
"エラー","エラー","","","",""
"端末を色々いじっていると、突然エレベーターが動き出し、止まった。
階数表示は、「[outline_size=8][outline_color=red]И-4-12-Б-9-1階[/outline_color][/outline_size]」とある。
何か違和感がある。","端末を色々いじっていると、突然エレベーターが動き出し、止まった。
階数表示は、「[outline_size=8][outline_color=red]И-4-12-Б-9-1階[/outline_color][/outline_size]」とある。
何か違和感がある。","","","",""
"[color=green]●エレベーターの扉が開きました。行動を選択してください。[/color]","[color=green]●エレベーターの扉が開きました。行動を選択してください。[/color]","","","",""
"四五年前の二月頃だった。[color=gray]或日、突然、明治大学[/color]の学生から電話がかかつて来て、今大学の講堂で学芸部の
演説会をやってゐるから、[color=green]直ぐやつて来て[/color]何にか話してくれと云ふ。其の演説会のある事はかねて[color=yellow]Ｈ[/color]から聞
いてゐた。法政経済専門の学者の意見は聞きあきてもゐるし、それにとかく[color=red]国家[/color]とか[color=blue]政治[/color]とか法律とかの何
等かの権威に囚はれた[color=gray]説[/color][color=green]ば[/color][color=yellow]か[/color][color=red]り[/color][color=blue]で[/color]面白くもないから、こんどは全く方針を変へて、文芸方面の新思想家を招
きたいと云ふ話から、其の人選の相談にもちよつと与つた。そして弁士の一人として生田長江君を紹介して","四五年前の二月頃だった。[color=gray]或日、突然、明治大学[/color]の学生から電話がかかつて来て、今大学の講堂で学芸部の
演説会をやってゐるから、[color=green]直ぐやつて来て[/color]何にか話してくれと云ふ。其の演説会のある事はかねて[color=yellow]Ｈ[/color]から聞
いてゐた。法政経済専門の学者の意見は聞きあきてもゐるし、それにとかく[color=red]国家[/color]とか[color=blue]政治[/color]とか法律とかの何
等かの権威に囚はれた[color=gray]説[/color][color=green]ば[/color][color=yellow]か[/color][color=red]り[/color][color=blue]で[/color]面白くもないから、こんどは全く方針を変へて、文芸方面の新思想家を招
きたいと云ふ話から、其の人選の相談にもちよつと与つた。そして弁士の一人として生田長江君を紹介して","","","",""
"わたしは彼らが何を喋っているのかわからない。
ここには用がなさそう。","わたしは彼らが何を喋っているのかわからない。
ここには用がなさそう。","","","",""
"外国人探索者・・・ネット上では「ガチおじ」と呼ばれている。
彼らが待機している階だ。
あくまで待機で、寝泊まり等は近くのホテル等を使っているらしい。","外国人探索者・・・ネット上では「ガチおじ」と呼ばれている。
彼らが待機している階だ。
あくまで待機で、寝泊まり等は近くのホテル等を使っているらしい。","","","",""
"エレベーターから出てすぐ、謎の柔らかい壁が目の前にある狭い空間。それだけの階だった。
・・・そう思いたかったが、この狭い空間内のあちこちに、
古い血痕のように見える黒い染みがあった。","エレベーターから出てすぐ、謎の柔らかい壁が目の前にある狭い空間。それだけの階だった。
・・・そう思いたかったが、この狭い空間内のあちこちに、
古い血痕のように見える黒い染みがあった。","","","",""
"柔らかい壁はおそらく生きていて、昔は侵入者を襲っていたのだろう。
エレベーター周りの壁も激しく傷がついている。
マンションから出ようとしたのではないだろうか。
そして、脱出はできないと悟り、諦めたのでは。","柔らかい壁はおそらく生きていて、昔は侵入者を襲っていたのだろう。
エレベーター周りの壁も激しく傷がついている。
マンションから出ようとしたのではないだろうか。
そして、脱出はできないと悟り、諦めたのでは。","","","",""
"ふと、疑問に思った。
財団から課せられた目標は、「マンションが、世界に悪影響を及ぼさない方法を見つける」事。
怪異がマンションから出る事はこれまでも無かったし、
これからも無いのだとすると、自分は何を探せばよいのだろうか？","ふと、疑問に思った。
財団から課せられた目標は、「マンションが、世界に悪影響を及ぼさない方法を見つける」事。
怪異がマンションから出る事はこれまでも無かったし、
これからも無いのだとすると、自分は何を探せばよいのだろうか？","","","",""
"気がつくと、マンションのエントランスに戻るエレベーターの中にいた。
じごくちほーから抜け出した直前、直後の記憶はなくなっていた。","気がつくと、マンションのエントランスに戻るエレベーターの中にいた。
じごくちほーから抜け出した直前、直後の記憶はなくなっていた。","","","",""
"可能な限り思い出してみよう。
たしか・・・","可能な限り思い出してみよう。
たしか・・・","","","",""
"空も地面も真っ赤に染まった異常な世界に迷い込んで、
あてもなく奇怪な生物から逃げ回っていたところ、
マンションで時々見かけるアライさんによく似た、
しかし聡明なフレンズに出会った。","空も地面も真っ赤に染まった異常な世界に迷い込んで、
あてもなく奇怪な生物から逃げ回っていたところ、
マンションで時々見かけるアライさんによく似た、
しかし聡明なフレンズに出会った。","","","",""
"彼女は色んな事を教えてくれた。
ここでの食料調達法や、地獄の世界の成り立ちなど・・
最後に言っていたのは、確か・・・","彼女は色んな事を教えてくれた。
ここでの食料調達法や、地獄の世界の成り立ちなど・・
最後に言っていたのは、確か・・・","","","",""
"アライさん?「サンドスター研究の一環で人為的に作られたという、サンドスターレプリカという石を探しているのだ。
　それがあれば、」","アライさん?「サンドスター研究の一環で人為的に作られたという、サンドスターレプリカという石を探しているのだ。
　それがあれば、」","","","",""
"残念ながら、覚えていたのはそこまでだった。

[color=green]●行動「じごくちほーのアライさん」が解禁されました。[/color]","残念ながら、覚えていたのはそこまでだった。

[color=green]●行動「じごくちほーのアライさん」が解禁されました。[/color]","","","",""
"この階は探索済だ。
情報によると、次は自力で戻ってこれるかわからない。
やめておこう。","この階は探索済だ。
情報によると、次は自力で戻ってこれるかわからない。
やめておこう。","","","",""
"薄暗い草原をひたすら歩いている。
エレベーターが閉まる前、壁に今の場所と同じような絵が描かれていた記憶があるので、
ここは絵の世界なのだと思う。","薄暗い草原をひたすら歩いている。
エレベーターが閉まる前、壁に今の場所と同じような絵が描かれていた記憶があるので、
ここは絵の世界なのだと思う。","","","",""
"木の下には3人分のフレンズの亡骸があった。
互いに争ったような形跡があり、周囲には食べかけの果実が散乱している。
…木に同じ果実が実っているが、手を出さない方がいいかもしれない。","木の下には3人分のフレンズの亡骸があった。
互いに争ったような形跡があり、周囲には食べかけの果実が散乱している。
…木に同じ果実が実っているが、手を出さない方がいいかもしれない。","","","",""
"そこから少し離れた川のそばで、以前にゴミ溜め階で見た、
二重人格みたいなヘビ類のフレンズ・・
(ゴミ漁りをしていたし、便宜上「スカベンジャー」とでも呼ぼう)に出会った。","そこから少し離れた川のそばで、以前にゴミ溜め階で見た、
二重人格みたいなヘビ類のフレンズ・・
(ゴミ漁りをしていたし、便宜上「スカベンジャー」とでも呼ぼう)に出会った。","","","",""
"あの時と同じく、出口を知らないか尋ねてみた。","あの時と同じく、出口を知らないか尋ねてみた。","","","",""
"「出口？なんの？」
「この絵から出たいんじゃないかな」
「・・・ひとつ、聞いてもいいかな。オジサン、複製階を使ったことある？」","「出口？なんの？」
「この絵から出たいんじゃないかな」
「・・・ひとつ、聞いてもいいかな。オジサン、複製階を使ったことある？」","","","",""
"ある","ある","","","",""
"ない","ない","","","",""
"「・・・・・・・。」
「どうする？教える？」
「別に友達になるわけじゃないし、いいよ。ほらあそこ」","「・・・・・・・。」
「どうする？教える？」
「別に友達になるわけじゃないし、いいよ。ほらあそこ」","","","",""
"差された方を見ると、さっきまでは無かった明るい風景が見えた。","差された方を見ると、さっきまでは無かった明るい風景が見えた。","","","",""
"「次の絵だよ。絵の端で見えるけど、見ようとしなければ見えないし、行こうとしなければ行けない」
「一緒に行く？」
「一人で行けるでしょ。私は先に行ってるよ」","「次の絵だよ。絵の端で見えるけど、見ようとしなければ見えないし、行こうとしなければ行けない」
「一緒に行く？」
「一人で行けるでしょ。私は先に行ってるよ」","","","",""
"お礼を言おうとスカベンジャーの方を向いたら、既に姿はなかった。","お礼を言おうとスカベンジャーの方を向いたら、既に姿はなかった。","","","",""
"麦畑のような風景が続く中、ひときわ目に付くものがあった。
人型の巨大なオブジェだ。ひどくボロボロになっている。","麦畑のような風景が続く中、ひときわ目に付くものがあった。
人型の巨大なオブジェだ。ひどくボロボロになっている。","","","",""
"その近くにさっきのスカベンジャーが立っていた。
こちらを一瞥しただけで、特に何も声をかけてこない。
態度がゴミ溜め階の時とは違うのが気になって、聞いてみた。","その近くにさっきのスカベンジャーが立っていた。
こちらを一瞥しただけで、特に何も声をかけてこない。
態度がゴミ溜め階の時とは違うのが気になって、聞いてみた。","","","",""
"「以前と違う？私が？」
「・・・別に」
「こんなマンションに来る人にまともな人はいないんだ。
  木の下の3人も、オジサンも、オバケちゃんも、私も」","「以前と違う？私が？」
「・・・別に」
「こんなマンションに来る人にまともな人はいないんだ。
  木の下の3人も、オジサンも、オバケちゃんも、私も」","","","",""
"そういうと、オブジェの影に隠れ、いなくなった。
・・・次の絵に行こう。","そういうと、オブジェの影に隠れ、いなくなった。
・・・次の絵に行こう。","","","",""
"雪原に巨大な骨が横たわっている。
雪原と言ったが、寒くないし、雪かどうかははっきりしない。
スカベンジャーが骨にもたれて休んでいる。","雪原に巨大な骨が横たわっている。
雪原と言ったが、寒くないし、雪かどうかははっきりしない。
スカベンジャーが骨にもたれて休んでいる。","","","",""
"さきほどの様子、大体想像がつく。
何を考えているのかわからないと思っていたが、優しい子だった。
声をかけた。","さきほどの様子、大体想像がつく。
何を考えているのかわからないと思っていたが、優しい子だった。
声をかけた。","","","",""
"大なり小なり、まともじゃない部分がない人なんていないと思っている。
それでも助け合ったり、一緒にいようとするものだ。
マンションも外も、それは変わらない。
そんな事を伝えた。","大なり小なり、まともじゃない部分がない人なんていないと思っている。
それでも助け合ったり、一緒にいようとするものだ。
マンションも外も、それは変わらない。
そんな事を伝えた。","","","",""
"「・・・・」
「もうすぐ終わりだよ。最後の絵は、前に私が描いた道がまだ残ってると思うから、それを使うんだ」
「・・・・ありがとう」","「・・・・」
「もうすぐ終わりだよ。最後の絵は、前に私が描いた道がまだ残ってると思うから、それを使うんだ」
「・・・・ありがとう」","","","",""
"赤と黒の世界。マンション内でたびたび感じていた嫌なイメージを再現したような・・。
","赤と黒の世界。マンション内でたびたび感じていた嫌なイメージを再現したような・・。
","","","",""
"ひび割れに気を付けつつ進むと、テントがあり、
中ではオオカワウソが映っている写真と、レポートを見つけた。
レポートによると、ここは絵の中であることは間違いなさそうだが、元々から描かれている絵と、
あとから誰かが描いた絵があるようだ。そして後者の絵は大きく描かれるほど不安定になると。
","ひび割れに気を付けつつ進むと、テントがあり、
中ではオオカワウソが映っている写真と、レポートを見つけた。
レポートによると、ここは絵の中であることは間違いなさそうだが、元々から描かれている絵と、
あとから誰かが描いた絵があるようだ。そして後者の絵は大きく描かれるほど不安定になると。
","","","",""
"最初の絵の果実や、次の絵の人型のオブジェなどは後から描かれたもので、
この赤黒い世界は、元々あった別の絵を塗りつぶして描かれているらしい。
その分不安定さも大きくなり、世界全体が崩壊しかけている。	","最初の絵の果実や、次の絵の人型のオブジェなどは後から描かれたもので、
この赤黒い世界は、元々あった別の絵を塗りつぶして描かれているらしい。
その分不安定さも大きくなり、世界全体が崩壊しかけている。	","","","",""
"テントから出て、辺りを見回した。
スカベンジャーが言っていた道というのは、おそらくこの白く光る道だろう。
光る道を歩いていくと、光に包まれはじめた。","テントから出て、辺りを見回した。
スカベンジャーが言っていた道というのは、おそらくこの白く光る道だろう。
光る道を歩いていくと、光に包まれはじめた。","","","",""
"次の瞬間にはマンションの通路最奥にいた。
壁にさっきまで通ってきた絵が描かれている。帰ってこれたのだ。
通路の灯りがついていて、今は絵の中に迷い込む事はなさそうだった。","次の瞬間にはマンションの通路最奥にいた。
壁にさっきまで通ってきた絵が描かれている。帰ってこれたのだ。
通路の灯りがついていて、今は絵の中に迷い込む事はなさそうだった。","","","",""
"この階は、形だけは廊下と部屋が並んでいる、普通のマンションの光景だ。
全てが真っ白なコンクリートでできている事と、
ものすごく恐ろしい「何か」が徘徊している事をのぞけば。","この階は、形だけは廊下と部屋が並んでいる、普通のマンションの光景だ。
全てが真っ白なコンクリートでできている事と、
ものすごく恐ろしい「何か」が徘徊している事をのぞけば。","","","",""
"できるだけ自分は何も見ないように、スマホに保存した「願いが叶う階の動画」を
「何か」のいる方向へ向けながら奥に進んだ。
狙い通り、「何か」は動きを止め、こちらに襲い掛かってくることはないようだ。","できるだけ自分は何も見ないように、スマホに保存した「願いが叶う階の動画」を
「何か」のいる方向へ向けながら奥に進んだ。
狙い通り、「何か」は動きを止め、こちらに襲い掛かってくることはないようだ。","","","",""
"一番奥の部屋に、犠牲者らしき染みが広がっていた。
ここまで来る人がいなかったのか荷物もそのまま残されていたが、自分もゆっくり探索していられるわけではない。
荷物を掴みとり、エレベーターまで退避してから確認した。
目にとまったのは、手帳の中の「[outline_size=8][outline_color=red]Д-８-10-13-15-18-12↓←[/outline_color][/outline_size]　よあけ　うみ」というメモだった。","一番奥の部屋に、犠牲者らしき染みが広がっていた。
ここまで来る人がいなかったのか荷物もそのまま残されていたが、自分もゆっくり探索していられるわけではない。
荷物を掴みとり、エレベーターまで退避してから確認した。
目にとまったのは、手帳の中の「[outline_size=8][outline_color=red]Д-８-10-13-15-18-12↓←[/outline_color][/outline_size]　よあけ　うみ」というメモだった。","","","",""
"奥の方に「ガチおじ」と呼ばれている外国人探索者がいた。
背中に吊り下げている鳥カゴの中のカナリアが鳴くのをやめると、彼は引き返していた。
「炭鉱のカナリア」を実際に見るのは初めてだ。
彼もガスマスクを持ってはいるが、用心に用心を重ねているのだろう。","奥の方に「ガチおじ」と呼ばれている外国人探索者がいた。
背中に吊り下げている鳥カゴの中のカナリアが鳴くのをやめると、彼は引き返していた。
「炭鉱のカナリア」を実際に見るのは初めてだ。
彼もガスマスクを持ってはいるが、用心に用心を重ねているのだろう。","","","",""
"[color=green]●行動「カナリア」が解禁されました。[/color]","[color=green]●行動「カナリア」が解禁されました。[/color]","","","",""
"エレベーターから出ると、すぐ道が折れ曲がっていた。
曲がる手前の床に、迷路が書いてある。迷路は曲がった先に続いていた。
他の階でたびたび見かけるのと同じ、他の探索者が描いたもののようだ。","エレベーターから出ると、すぐ道が折れ曲がっていた。
曲がる手前の床に、迷路が書いてある。迷路は曲がった先に続いていた。
他の階でたびたび見かけるのと同じ、他の探索者が描いたもののようだ。","","","",""
"おっと、迷路を無視して歩いてしまった。
しかし、特に何も起こらない。
まあ、探索者が描いた迷路なんてどうでもいいか・・・
先へ進む道を確認しようと顔をあげた。","おっと、迷路を無視して歩いてしまった。
しかし、特に何も起こらない。
まあ、探索者が描いた迷路なんてどうでもいいか・・・
先へ進む道を確認しようと顔をあげた。","","","",""
"その時、壁の黒い染みが目に止まった。
それは徐々に人の形を成していき、こちらを見ていた。
目にあたる位置が赤く光る。
体中に激しい痛みが走った。","その時、壁の黒い染みが目に止まった。
それは徐々に人の形を成していき、こちらを見ていた。
目にあたる位置が赤く光る。
体中に激しい痛みが走った。","","","",""
"地面の迷路は、この壁の染みに「気づかせない」ためのものだったのだ。
迷路に集中すれば、おそらく安全に通り過ぎる事ができた。
もう遅い。視界が、赤く染まっていく・・・","地面の迷路は、この壁の染みに「気づかせない」ためのものだったのだ。
迷路に集中すれば、おそらく安全に通り過ぎる事ができた。
もう遅い。視界が、赤く染まっていく・・・","","","",""
"迷路をクリアしたようだ。
顔をあげると、目の前にはトイレがあった。
調べてみたが、完全に普通のトイレだ。
荷物がいくつか落ちていたが、どれも大したものは入っていなかった。","迷路をクリアしたようだ。
顔をあげると、目の前にはトイレがあった。
調べてみたが、完全に普通のトイレだ。
荷物がいくつか落ちていたが、どれも大したものは入っていなかった。","","","",""
"・・・何故こんなところに誰かの荷物が、それも複数落ちていたんだ？
迷路は探索者が描いたもの・・・何の意味もなくそんなことをするとは思えない。
帰りも、真面目にあの迷路を辿っていった方がよさそうだ。","・・・何故こんなところに誰かの荷物が、それも複数落ちていたんだ？
迷路は探索者が描いたもの・・・何の意味もなくそんなことをするとは思えない。
帰りも、真面目にあの迷路を辿っていった方がよさそうだ。","","","",""
"どこぞの移転した某卸売市場みたいな空間が広がっている。
だがほとんどの店は閉まっており、夜中のような暗さの中、一軒だけ明かりがともっていた。","どこぞの移転した某卸売市場みたいな空間が広がっている。
だがほとんどの店は閉まっており、夜中のような暗さの中、一軒だけ明かりがともっていた。","","","",""
"近づいてみると、肉屋だった。「мясник」と書いてある。
奥で店主が黙々と肉を捌いている。人間なのだろうか？","近づいてみると、肉屋だった。「мясник」と書いてある。
奥で店主が黙々と肉を捌いている。人間なのだろうか？","","","",""
"そんな事よりも・・・並んでいる肉を見ていたら・・・
無性に肉が食べたくなってしまった・・・・・

しかし今は手持ちが無い・・・食べたい・・・","そんな事よりも・・・並んでいる肉を見ていたら・・・
無性に肉が食べたくなってしまった・・・・・

しかし今は手持ちが無い・・・食べたい・・・","","","",""
"そんな事よりも・・・並んでいる肉を見ていたら・・・
無性に肉が食べたくなってしまった・・・・・","そんな事よりも・・・並んでいる肉を見ていたら・・・
無性に肉が食べたくなってしまった・・・・・","","","",""
"帰ってきた。
でもここじゃない。
本当に帰るべきところは、ここじゃない・・・","帰ってきた。
でもここじゃない。
本当に帰るべきところは、ここじゃない・・・","","","",""
"エレベーターが開いた途端、大勢のフードをかぶったサーバルのようなフレンズがなだれ込んできた。
そして、無理やり体を持ち上げられた。人間は力ではフレンズに敵わない。","エレベーターが開いた途端、大勢のフードをかぶったサーバルのようなフレンズがなだれ込んできた。
そして、無理やり体を持ち上げられた。人間は力ではフレンズに敵わない。","","","",""
"この階は広場のようになっており、中央まで運ばれ、降ろされた。
目の前には物置くらいの大きさのサーバルの頭が、穏やかな表情で横たわって、
じっとこちらを見つめていた。","この階は広場のようになっており、中央まで運ばれ、降ろされた。
目の前には物置くらいの大きさのサーバルの頭が、穏やかな表情で横たわって、
じっとこちらを見つめていた。","","","",""
"首から下は、複数体のサーバルが絡まって融合しているような、
よくわからないモノがくっついていた。
後ろから、たくさんのサーバルが、目の前の巨大なサーバルの口の中に押し込もうとしてくる。","首から下は、複数体のサーバルが絡まって融合しているような、
よくわからないモノがくっついていた。
後ろから、たくさんのサーバルが、目の前の巨大なサーバルの口の中に押し込もうとしてくる。","","","",""
"[color=green]●「交渉」スキル発動しました。[/color]

ここから出たい事を伝えた。","[color=green]●「交渉」スキル発動しました。[/color]

ここから出たい事を伝えた。","","","",""
"「んみ・・・」","「んみ・・・」","","","",""
"「うみんみゃ・・・」","「うみんみゃ・・・」","","","",""
"日本語にはなっていないが、こちらの問いかけに反応している。
相手の意思もなんとなく伝わる。
何か引き換えとなるものが必要なのかと尋ねた。","日本語にはなっていないが、こちらの問いかけに反応している。
相手の意思もなんとなく伝わる。
何か引き換えとなるものが必要なのかと尋ねた。","","","",""
"「んみみみ・・・」","「んみみみ・・・」","","","",""
"引き換えになるもの・・・","引き換えになるもの・・・","","","",""
"代償を払う","代償を払う","","","",""
"何も思いつかない","何も思いつかない","","","",""
"時間切れだ。
何も打開策が打ち出せず、そのまま、
巨大サーバルに噛み砕かれていった。","時間切れだ。
何も打開策が打ち出せず、そのまま、
巨大サーバルに噛み砕かれていった。","","","",""
"・・・んみんみ・・・・・","・・・んみんみ・・・・・","","","",""
"・・・交渉成立？
","・・・交渉成立？
","","","",""
"刹那、周りの風景が、風で吹き飛ぶ落ち葉のように流れ去り、
暗い水の中に落ちたような衝撃を受けた。
","刹那、周りの風景が、風で吹き飛ぶ落ち葉のように流れ去り、
暗い水の中に落ちたような衝撃を受けた。
","","","",""
"水の中をしばらく漂っていると、自分の中から何かが抜けていったような気がした。
何が抜けていったのかは、今はもうわからない。
そして、視界が白く染まった。
","水の中をしばらく漂っていると、自分の中から何かが抜けていったような気がした。
何が抜けていったのかは、今はもうわからない。
そして、視界が白く染まった。
","","","",""
"気がつくと、エレベーターの中にいた。","気がつくと、エレベーターの中にいた。","","","",""
"多段ベッドがたくさん置かれており、フレンズ達が寝ている。
起こさないよう、静かに進んでいく。","多段ベッドがたくさん置かれており、フレンズ達が寝ている。
起こさないよう、静かに進んでいく。","","","",""
"ふと、ベッドからはみだしそうな大きさの人影を見つけた。
近づいてみると、自分が寝ていた。","ふと、ベッドからはみだしそうな大きさの人影を見つけた。
近づいてみると、自分が寝ていた。","","","",""
"起こす","起こす","","","",""
"起こしたらどうなるかわかったものではない。","起こしたらどうなるかわかったものではない。","","","",""
"気がつくと、ベッドに寝ていた。
誰かに起こされた気がしたが、誰もいない。
それよりも、ここはどこだ・・・","気がつくと、ベッドに寝ていた。
誰かに起こされた気がしたが、誰もいない。
それよりも、ここはどこだ・・・","","","",""
"幸い、エレベーターはすぐ近くにあった。

[color=green]●直前に探索していた階を忘れました。(忘れただけで、結果は残っています)[/color]","幸い、エレベーターはすぐ近くにあった。

[color=green]●直前に探索していた階を忘れました。(忘れただけで、結果は残っています)[/color]","","","",""
"ベッドから出る。
もう仕組みは理解している。","ベッドから出る。
もう仕組みは理解している。","","","",""
"気がつくと、ベッドに寝ていた。
誰かに起こされた気がしたが、誰もいない。","気がつくと、ベッドに寝ていた。
誰かに起こされた気がしたが、誰もいない。","","","",""
"[color=green]●「転送耐性」スキル発動しました。[/color]","[color=green]●「転送耐性」スキル発動しました。[/color]","","","",""
"いや待て・・・起こしたのも、起こされたのも、自分だ。
起こした瞬間に、起こした方が消え、寝ていた方が自分になるんだ。","いや待て・・・起こしたのも、起こされたのも、自分だ。
起こした瞬間に、起こした方が消え、寝ていた方が自分になるんだ。","","","",""
"そして、体力が戻っている。
まるで、直前までの行動が夢だったかのように。","そして、体力が戻っている。
まるで、直前までの行動が夢だったかのように。","","","",""
"危なくなったら、この階に来れば立て直せるかもしれない。
いや、それよりも、起きればここで目が覚めるんだから・・・","危なくなったら、この階に来れば立て直せるかもしれない。
いや、それよりも、起きればここで目が覚めるんだから・・・","","","",""
"例えば、寝ている自分にイヤホンを付けておいて、非常時に遠隔操作で音を流して起こすのはどうだ？
それならどこにいても、瞬時に回復して立て直せる。

[color=green]●行動「仮眠室」が解禁されました。[/color]","例えば、寝ている自分にイヤホンを付けておいて、非常時に遠隔操作で音を流して起こすのはどうだ？
それならどこにいても、瞬時に回復して立て直せる。

[color=green]●行動「仮眠室」が解禁されました。[/color]","","","",""
"窓もドアもない廊下が伸びている。灯りも無いようだ。
少し歩きかけて、後ろでエレベーターが閉まりだしたので、
自分のライトを点けるためにエレベーターの明かりを利用しようと振り返った。","窓もドアもない廊下が伸びている。灯りも無いようだ。
少し歩きかけて、後ろでエレベーターが閉まりだしたので、
自分のライトを点けるためにエレベーターの明かりを利用しようと振り返った。","","","",""
"閉まりゆくエレベーターのドアは、壁や床と同じコンクリートでできていた。
そして、エレベーターのボタンも無かった。
気づいた時には、エレベーターは完全に閉まり、コンクリートの暗闇に閉じ込められた。","閉まりゆくエレベーターのドアは、壁や床と同じコンクリートでできていた。
そして、エレベーターのボタンも無かった。
気づいた時には、エレベーターは完全に閉まり、コンクリートの暗闇に閉じ込められた。","","","",""
"なんとかライトを付け、辺りを見渡すと、
廊下はすぐに行き止まりになっていた。それと、白骨化した死体。
つまり、偶然ここに誰かがやってくるのを、待つしかなかった。","なんとかライトを付け、辺りを見渡すと、
廊下はすぐに行き止まりになっていた。それと、白骨化した死体。
つまり、偶然ここに誰かがやってくるのを、待つしかなかった。","","","",""
"この階はエレベーターに書いてあるから、
誰かが訪れる可能性はある。はず。
大丈夫。冷静に。","この階はエレベーターに書いてあるから、
誰かが訪れる可能性はある。はず。
大丈夫。冷静に。","","","",""
"待つ(+1日)","待つ(+1日)","","","",""
"諦める","諦める","","","",""
"開いた・・・開いた！！
エレベーターのドアに自分の腕を突っ込んで、咳き込んだ。
食料を口に運ぶこの腕しか、とっさに動かなかったのだ。
誰が訪れてくれたのかも、申し訳ない事に覚えていない。","開いた・・・開いた！！
エレベーターのドアに自分の腕を突っ込んで、咳き込んだ。
食料を口に運ぶこの腕しか、とっさに動かなかったのだ。
誰が訪れてくれたのかも、申し訳ない事に覚えていない。","","","",""
"同じ思いは二度とごめんだが、
心が壊れる前に閉ざすコツを身に付けたような、気がする…","同じ思いは二度とごめんだが、
心が壊れる前に閉ざすコツを身に付けたような、気がする…","","","",""
"この階は探索済だ。
エレベーター内からライトで短い廊下を照らし、
誰もいないことを確認し、引き返した。","この階は探索済だ。
エレベーター内からライトで短い廊下を照らし、
誰もいないことを確認し、引き返した。","","","",""
"今日は誰も来なかった。
{m_screen_msg}","今日は誰も来なかった。
{m_screen_msg}","","","",""
"オオカワウソのフレンズが住んでいる階だ。","オオカワウソのフレンズが住んでいる階だ。","","","",""
"水の中に潜む何かに追われつつも、なんとか調査を完了する事ができた。
結論から言えば時間と命の無駄遣いだった。
怪異はこの水棲生物のみだ。他には何もない。","水の中に潜む何かに追われつつも、なんとか調査を完了する事ができた。
結論から言えば時間と命の無駄遣いだった。
怪異はこの水棲生物のみだ。他には何もない。","","","",""
"「павильон」と書かれた色褪せた垂れ幕をくぐると、そこは小さな部屋があるだけの階だった。
賑やかさを演出しようとカラフルな布が壁に張られているものの、
部屋自体が薄暗く汚れているために、
その明るさがかえって寂しさと不気味さを際立たせてしまっている。","「павильон」と書かれた色褪せた垂れ幕をくぐると、そこは小さな部屋があるだけの階だった。
賑やかさを演出しようとカラフルな布が壁に張られているものの、
部屋自体が薄暗く汚れているために、
その明るさがかえって寂しさと不気味さを際立たせてしまっている。","","","",""
"それよりも、目につくのは部屋中央に鎮座した謎の機械だ。
たくさんのLEDライトと方向キー、紙幣の挿入口がついている。
ボロボロに破れたマニュアルがぶら下がっている。","それよりも、目につくのは部屋中央に鎮座した謎の機械だ。
たくさんのLEDライトと方向キー、紙幣の挿入口がついている。
ボロボロに破れたマニュアルがぶら下がっている。","","","",""
"機械を起動","機械を起動","","","",""
"マニュアルを読む","マニュアルを読む","","","",""
"紙幣挿入口を調べる","紙幣挿入口を調べる","","","",""
"ストーリー：
あなたは遺跡探検隊の隊長です。
目の前の遺跡にはどんな秘宝があるのでしょうか？
生身での探索は危険なため、調査ロボに行ってもらいます。
中はまっくらなので、カメラは使えません。18個のセンサーの情報がたよりになります。","ストーリー：
あなたは遺跡探検隊の隊長です。
目の前の遺跡にはどんな秘宝があるのでしょうか？
生身での探索は危険なため、調査ロボに行ってもらいます。
中はまっくらなので、カメラは使えません。18個のセンサーの情報がたよりになります。","","","",""
"マニュアルの続きのページは破れている。
機械にお金を入れると、ページが購入できる仕組みらしい。(残り 3ページ)","マニュアルの続きのページは破れている。
機械にお金を入れると、ページが購入できる仕組みらしい。(残り 3ページ)","","","",""
"調査ロボの機能を紹介：「熱センサー」
外気温の高さをざっくり2段階で表します。
2段階目になったらすぐ近くに耐えられない熱源があるので気を付けてください。","調査ロボの機能を紹介：「熱センサー」
外気温の高さをざっくり2段階で表します。
2段階目になったらすぐ近くに耐えられない熱源があるので気を付けてください。","","","",""
"マニュアルの続きのページは破れている。
機械にお金を入れると、ページが購入できる仕組みらしい。(残り 2ページ)","マニュアルの続きのページは破れている。
機械にお金を入れると、ページが購入できる仕組みらしい。(残り 2ページ)","","","",""
"調査ロボの機能を紹介：「地雷自動回避」
調査ロボは二足歩行なので、地雷を踏む可能性があります。
この機能により、一歩先に地雷があったときは自動で立ち止まってくれます！
再度同じ方向に移動指示すれば身を持って地雷処理してくれますが、
今回の目的は遺跡探索なのでそういった使い方は避けましょう。","調査ロボの機能を紹介：「地雷自動回避」
調査ロボは二足歩行なので、地雷を踏む可能性があります。
この機能により、一歩先に地雷があったときは自動で立ち止まってくれます！
再度同じ方向に移動指示すれば身を持って地雷処理してくれますが、
今回の目的は遺跡探索なのでそういった使い方は避けましょう。","","","",""
"マニュアルの続きのページは破れている。
機械にお金を入れると、ページが購入できる仕組みらしい。(残り 1ページ)","マニュアルの続きのページは破れている。
機械にお金を入れると、ページが購入できる仕組みらしい。(残り 1ページ)","","","",""
"調査ロボの機能を紹介：「ホバー」
急な落下事故を防ぐため、移動先に地面がなかった場合、少しの間宙に浮く事ができます。
ホバー中に安全な地面までたどり着きましょう。","調査ロボの機能を紹介：「ホバー」
急な落下事故を防ぐため、移動先に地面がなかった場合、少しの間宙に浮く事ができます。
ホバー中に安全な地面までたどり着きましょう。","","","",""
"マニュアルはこれが最後のようだ。
まだ足りない気がするが、ここまでの情報からルールを理解して進めるしかない。","マニュアルはこれが最後のようだ。
まだ足りない気がするが、ここまでの情報からルールを理解して進めるしかない。","","","",""
"お金を入れると、このゲームのマニュアルの一部が出てくるようだ。
ただし、1枚￥500、全部で3枚とかなり高額である。
もちろん、マニュアル無しでルールを解析、攻略していくという手もある。","お金を入れると、このゲームのマニュアルの一部が出てくるようだ。
ただし、1枚￥500、全部で3枚とかなり高額である。
もちろん、マニュアル無しでルールを解析、攻略していくという手もある。","","","",""
"買う(￥500)","買う(￥500)","","","",""
"マニュアルを1枚購入した。","マニュアルを1枚購入した。","","","",""
"方向キー：移動
ゲーム中断：ESC","方向キー：移動
ゲーム中断：ESC","","","",""
"ゲームを中断しました。","ゲームを中断しました。","","","",""
"ゲームクリア：
遺跡の探索が完了したあなたは、莫大な財宝を手にしました。","ゲームクリア：
遺跡の探索が完了したあなたは、莫大な財宝を手にしました。","","","",""
"これで探索完了・・・で良いのだろうか？
この階には他に何もないみたいだし、
本当にただゲームを遊んだだけになってしまった。","これで探索完了・・・で良いのだろうか？
この階には他に何もないみたいだし、
本当にただゲームを遊んだだけになってしまった。","","","",""
"ゲームオーバー
あなたの調査ロボットは高熱により故障しました。","ゲームオーバー
あなたの調査ロボットは高熱により故障しました。","","","",""
"ゲームオーバー
あなたの調査ロボットは奈落の底に転落しました。","ゲームオーバー
あなたの調査ロボットは奈落の底に転落しました。","","","",""
"ゲームオーバー
あなたの調査ロボットは地雷を踏み、破壊されました。","ゲームオーバー
あなたの調査ロボットは地雷を踏み、破壊されました。","","","",""
"小人化してしまった体を、逆の手順で元に戻せるのではないか？と思い、試したところ、一応はほぼ元通りの大きさに戻る事ができた。
ただ、本当にノーリスクなのかは、不明なままだ・・・
[color=green]●スキル「小人化」が無くなりました。[/color]
","小人化してしまった体を、逆の手順で元に戻せるのではないか？と思い、試したところ、一応はほぼ元通りの大きさに戻る事ができた。
ただ、本当にノーリスクなのかは、不明なままだ・・・
[color=green]●スキル「小人化」が無くなりました。[/color]
","","","",""
"この階はオオカワウソが探索を諦めたと聞いていたが、
何の怪異も見られない普通の階だった。
同行メンバーを連れてきたが、自分一人で探索できてしまった。","この階はオオカワウソが探索を諦めたと聞いていたが、
何の怪異も見られない普通の階だった。
同行メンバーを連れてきたが、自分一人で探索できてしまった。","","","",""
"探索が終わり、同行メンバーの待つエレベーターへ引き返している時に、異常が発生した。
自分の体が、エレベーターに近づくほど、どんどん小さくなっている。
それを見ていた同行メンバーが何かに気付いて、自分から目を反らした。
その途端、小人化は止まったが、半分くらいの大きさに縮んでしまった・・・。","探索が終わり、同行メンバーの待つエレベーターへ引き返している時に、異常が発生した。
自分の体が、エレベーターに近づくほど、どんどん小さくなっている。
それを見ていた同行メンバーが何かに気付いて、自分から目を反らした。
その途端、小人化は止まったが、半分くらいの大きさに縮んでしまった・・・。","","","",""
"この階は、相手から見える大きさのまま固定化されてしまう階だったのだ。","この階は、相手から見える大きさのまま固定化されてしまう階だったのだ。","","","",""
"もうここに用は無いが、気分転換に散歩をした。
いつでも早朝の海辺を散歩できるというのは、便利な階であるかもしれない。","もうここに用は無いが、気分転換に散歩をした。
いつでも早朝の海辺を散歩できるというのは、便利な階であるかもしれない。","","","",""
"エレベーター出口に直接、粗末な木の橋が繋がっていた。
灯りに照らされた橋以外は
何があるのかはっきりとはわからなかったが、
潮風の匂いがする事から、ここが海辺であるという事はわかった。","エレベーター出口に直接、粗末な木の橋が繋がっていた。
灯りに照らされた橋以外は
何があるのかはっきりとはわからなかったが、
潮風の匂いがする事から、ここが海辺であるという事はわかった。","","","",""
"という事は、この木の橋は桟橋か。
それにしても、嫌な匂いだ。

桟橋は遠くまで伸びている。","という事は、この木の橋は桟橋か。
それにしても、嫌な匂いだ。

桟橋は遠くまで伸びている。","","","",""
"桟橋を歩く","桟橋を歩く","","","",""
"桟橋は意外と頑丈で、進むのに特に気を付けるような事はなかった。
しばらく歩くと、途中に公営の資料館のような建物が現れたので、寄ってみた。","桟橋は意外と頑丈で、進むのに特に気を付けるような事はなかった。
しばらく歩くと、途中に公営の資料館のような建物が現れたので、寄ってみた。","","","",""
"何語かはわからなかったが、主に深海、海の底に関する資料が展示されていた。
中でも気になったのは、骨だった。
一見魚のように見えるが、頭部が人のそれのようにも見える・・・","何語かはわからなかったが、主に深海、海の底に関する資料が展示されていた。
中でも気になったのは、骨だった。
一見魚のように見えるが、頭部が人のそれのようにも見える・・・","","","",""
"資料館をあとにし、桟橋の終わりまで歩いた。
向こうの方に漁船が見える。歩いてきた桟橋は、あの船までは続いていない。
桟橋から降りて、その漁船まで行ってみる事も考えたが、
エレベーターに桟橋が直接繋がっていた事を考えると、降りる気にはなれなかった。","資料館をあとにし、桟橋の終わりまで歩いた。
向こうの方に漁船が見える。歩いてきた桟橋は、あの船までは続いていない。
桟橋から降りて、その漁船まで行ってみる事も考えたが、
エレベーターに桟橋が直接繋がっていた事を考えると、降りる気にはなれなかった。","","","",""
"夜明けを待つ","夜明けを待つ","","","",""
"あのメモに書かれていたこの階が、これで終わりとは思えない。
しばらくここで様子を見ることにした。

変化は、数時間後に訪れた。","あのメモに書かれていたこの階が、これで終わりとは思えない。
しばらくここで様子を見ることにした。

変化は、数時間後に訪れた。","","","",""
"ずっと夜の風景の階なのだと思っていたが、
徐々に地平線から太陽が昇ってきた。
そして、漁船からエンジン音がして、
そのまま太陽に向かって走っていった。","ずっと夜の風景の階なのだと思っていたが、
徐々に地平線から太陽が昇ってきた。
そして、漁船からエンジン音がして、
そのまま太陽に向かって走っていった。","","","",""
"「海」からの潮風が、変わった気がする。
嫌な匂いである事は変わらないけど、少しマシになったような・・・

何故か、このマンションの調査の区切りが近い気がした。","「海」からの潮風が、変わった気がする。
嫌な匂いである事は変わらないけど、少しマシになったような・・・

何故か、このマンションの調査の区切りが近い気がした。","","","",""
"待って、待ってと言いながら追いかけてくる黒い人型の塊。
もうだめかと思ったその時、エレベーターが開いた。","待って、待ってと言いながら追いかけてくる黒い人型の塊。
もうだめかと思ったその時、エレベーターが開いた。","","","",""
"アライさん「また階を間違えたのだ・・・」","アライさん「また階を間違えたのだ・・・」","","","",""
"黒い塊がアライさんに気を取られた隙に、ドアが破壊された部屋に隠れ、やりすごす事ができた。
アライさんは・・・黒い塊にも気付かずエレベーターでどこかに行ったようだ。
[color=green]●行動「迷子のアライさん」が解禁されました。[/color]","黒い塊がアライさんに気を取られた隙に、ドアが破壊された部屋に隠れ、やりすごす事ができた。
アライさんは・・・黒い塊にも気付かずエレベーターでどこかに行ったようだ。
[color=green]●行動「迷子のアライさん」が解禁されました。[/color]","","","",""
"エレベーターが開くと、
海の水はエレベーターの中には流れ込まず、壁のようになっていた。
試しに顔だけ突っ込むと、確かに水だが、呼吸はできた。
前方上方に見える複数の船底のようなものを目指し、探索を開始した。","エレベーターが開くと、
海の水はエレベーターの中には流れ込まず、壁のようになっていた。
試しに顔だけ突っ込むと、確かに水だが、呼吸はできた。
前方上方に見える複数の船底のようなものを目指し、探索を開始した。","","","",""
"凶暴な魚から逃げながら船に近づくと、
船から網が投げられた。
自分は網から逃げたが、追ってきた魚達はほとんど捕まっていた。","凶暴な魚から逃げながら船に近づくと、
船から網が投げられた。
自分は網から逃げたが、追ってきた魚達はほとんど捕まっていた。","","","",""
"その後も船は漁を続けていた。深海の魚を捕るトロール船も近づいてきた。
普通の漁船と一緒に漁ができるものなんだろうか？
自分は明らかに邪魔なので、エレベーターまで戻る事にした。","その後も船は漁を続けていた。深海の魚を捕るトロール船も近づいてきた。
普通の漁船と一緒に漁ができるものなんだろうか？
自分は明らかに邪魔なので、エレベーターまで戻る事にした。","","","",""
"草食と肉食のフレンズが住んでいる階だ。","草食と肉食のフレンズが住んでいる階だ。","","","",""
"もうここに用は無い。
筋トレに使うにも、気味が悪すぎる。","もうここに用は無い。
筋トレに使うにも、気味が悪すぎる。","","","",""
"エレベーターの壁にGYMとメモされていたこの階は、
想像していたとおりのスポーツジムがあった。
壁は大きな鏡が張られていて、ランニングマシーンやウェイトトレーニングの各種器具が置かれている。
窓側は夜景が広がっている。","エレベーターの壁にGYMとメモされていたこの階は、
想像していたとおりのスポーツジムがあった。
壁は大きな鏡が張られていて、ランニングマシーンやウェイトトレーニングの各種器具が置かれている。
窓側は夜景が広がっている。","","","",""
"この階、何故かはよくわからないが、とても恐ろしい雰囲気を感じる。
いますぐにでも逃げ出したい気持ちだ。","この階、何故かはよくわからないが、とても恐ろしい雰囲気を感じる。
いますぐにでも逃げ出したい気持ちだ。","","","",""
"その恐怖感と関連があるのかはわからないが、明らかな異常がある。
自分のいるジム内は真っ暗なのに、鏡に映るジムは明かりがついていた。
自分が動いたように鏡の自分も動くので、鏡であることは確かだと思う。","その恐怖感と関連があるのかはわからないが、明らかな異常がある。
自分のいるジム内は真っ暗なのに、鏡に映るジムは明かりがついていた。
自分が動いたように鏡の自分も動くので、鏡であることは確かだと思う。","","","",""
"それと、鏡の向こう側から運動器具を動かす音が聞こえるが、
鏡のこちら側にも向こう側にも、自分以外に人はいない。","それと、鏡の向こう側から運動器具を動かす音が聞こえるが、
鏡のこちら側にも向こう側にも、自分以外に人はいない。","","","",""
"こちら側の明かりをつける","こちら側の明かりをつける","","","",""
"暗いまま調査を行う","暗いまま調査を行う","","","",""
"エレベーターのすぐ横に電灯のスイッチがあったので、明かりをつけた。
すると、代わりに鏡の中のジムが暗くなり、運動器具の音がしなくなった。
その直後、鏡の内側から、鏡を叩く音がたくさんしはじめた。
音だけではなく、実際に鏡が叩かれて揺れている。","エレベーターのすぐ横に電灯のスイッチがあったので、明かりをつけた。
すると、代わりに鏡の中のジムが暗くなり、運動器具の音がしなくなった。
その直後、鏡の内側から、鏡を叩く音がたくさんしはじめた。
音だけではなく、実際に鏡が叩かれて揺れている。","","","",""
"鏡が割れたら、何かが出てくる・・？","鏡が割れたら、何かが出てくる・・？","","","",""
"慌てて明かりを消した。
鏡を叩く音はおさまり、再び運動器具を使用する音が響き始めた。","慌てて明かりを消した。
鏡を叩く音はおさまり、再び運動器具を使用する音が響き始めた。","","","",""
"明らかな異常にわざわざ干渉するほどバカじゃない。
暗いまま調査を行うことにする。","明らかな異常にわざわざ干渉するほどバカじゃない。
暗いまま調査を行うことにする。","","","",""
"鏡の中のジムは明るいが、その光はこちら側のジムを照らしていない。
変な感覚だ。","鏡の中のジムは明るいが、その光はこちら側のジムを照らしていない。
変な感覚だ。","","","",""
"鏡の件を除けば、至って普通のスポーツジムだ。
少し運動してみようか。","鏡の件を除けば、至って普通のスポーツジムだ。
少し運動してみようか。","","","",""
"窓のそばの運動器具を使う","窓のそばの運動器具を使う","","","",""
"鏡のそばの運動器具を使う","鏡のそばの運動器具を使う","","","",""
"窓側にあるランニングマシーンを試してみようとしたが、
電気が入っておらず使えなかった。
そのまま夜景を見る。","窓側にあるランニングマシーンを試してみようとしたが、
電気が入っておらず使えなかった。
そのまま夜景を見る。","","","",""
"確かブリーフィング資料では、マンションのエントランス以外からの侵入はできなかったとあった。","確かブリーフィング資料では、マンションのエントランス以外からの侵入はできなかったとあった。","","","",""
"だが、例えば、エントランスからマンションに入り、
ベランダや窓のある階にたどり着いたら、
ロープやハシゴ等の道具さえあれば外に出られそうだ。
でもそこは、本当に「外」なんだろうか。","だが、例えば、エントランスからマンションに入り、
ベランダや窓のある階にたどり着いたら、
ロープやハシゴ等の道具さえあれば外に出られそうだ。
でもそこは、本当に「外」なんだろうか。","","","",""
"というのは、この夜景もそうだが、
マンションから見える外の風景は、
明らかに実際のマンションの周囲と異なるからだ。","というのは、この夜景もそうだが、
マンションから見える外の風景は、
明らかに実際のマンションの周囲と異なるからだ。","","","",""
"一応、風景の事も調査結果に含めよう。","一応、風景の事も調査結果に含めよう。","","","",""
"鏡側にある腹筋用の運動器具を使ってみた。
何の変哲もない運動器具だ。
","鏡側にある腹筋用の運動器具を使ってみた。
何の変哲もない運動器具だ。
","","","",""
"体を動かすたびに、鏡に映る自分の姿が視界に入る。
鏡の中の自分は、明かりに照らされているが、
こちらの自分は暗いままだ。
この違和感がかなり気持ち悪い。
","体を動かすたびに、鏡に映る自分の姿が視界に入る。
鏡の中の自分は、明かりに照らされているが、
こちらの自分は暗いままだ。
この違和感がかなり気持ち悪い。
","","","",""
"鏡の中にもう一人いるような気分になってきて、頭がおかしくなりそうだったので、
切り上げた。
","鏡の中にもう一人いるような気分になってきて、頭がおかしくなりそうだったので、
切り上げた。
","","","",""
"気を取り直し、探索を続ける。
シャワー室の方へ続く通路と、受付カウンターがある。
通路の方は、不気味な鏡から離れられそうだ。","気を取り直し、探索を続ける。
シャワー室の方へ続く通路と、受付カウンターがある。
通路の方は、不気味な鏡から離れられそうだ。","","","",""
"カウンターを調べる","カウンターを調べる","","","",""
"シャワー室に向かう","シャワー室に向かう","","","",""
"この階の主な怪異は、あの鏡だ。
だが、あれから離れるべきではなかった。
","この階の主な怪異は、あの鏡だ。
だが、あれから離れるべきではなかった。
","","","",""
"シャワー室に行こうと鏡のない通路に立ち入った瞬間、
形容しがたい怖気を感じ、とっさに後ろに跳ねた。
間一髪で、自身の命が守られた気がした。","シャワー室に行こうと鏡のない通路に立ち入った瞬間、
形容しがたい怖気を感じ、とっさに後ろに跳ねた。
間一髪で、自身の命が守られた気がした。","","","",""
"受付カウンターを調べる。
日本語のようで日本語でない気持ち悪い文字が書かれた書類がある以外、
とくにめぼしいものはない。","受付カウンターを調べる。
日本語のようで日本語でない気持ち悪い文字が書かれた書類がある以外、
とくにめぼしいものはない。","","","",""
"突然、エレベーターが開いた。
なんらかのフレンズのシルエットが見えた。","突然、エレベーターが開いた。
なんらかのフレンズのシルエットが見えた。","","","",""
"咄嗟にカウンターに隠れる","咄嗟にカウンターに隠れる","","","",""
"そのまま来訪者を見つめる","そのまま来訪者を見つめる","","","",""
"「あれ、誰かいるの？」","「あれ、誰かいるの？」","","","",""
"思わず隠れたが、人間がフレンズから身を隠すなど不可能だ。","思わず隠れたが、人間がフレンズから身を隠すなど不可能だ。","","","",""
"「かくれんぼ？」
","「かくれんぼ？」
","","","",""
"迷いなくこちらへ向かってくる。
そして・・・
","迷いなくこちらへ向かってくる。
そして・・・
","","","",""
"「見つけた～！」

","「見つけた～！」

","","","",""
"こちらに害を成すような存在ではなさそうだが、
無駄に神経を使ってしまった。","こちらに害を成すような存在ではなさそうだが、
無駄に神経を使ってしまった。","","","",""
"「あれ、誰かいるの？」
","「あれ、誰かいるの？」
","","","",""
"「こんにちは…いや、ここは、こんばんは、かな」","「こんにちは…いや、ここは、こんばんは、かな」","","","",""
"ギンギツネのフレンズに、なぜここへ来たのか聞いた。

","ギンギツネのフレンズに、なぜここへ来たのか聞いた。

","","","",""
"「わたし、趣味で発明と物作りをやっているんだ。一人の時は趣味でよかったんだけど、
　同居人ができてからは、それが生活に必要なものになっていって・・・
  発明を趣味と言えるのかなって考えてしまうこともあった」
","「わたし、趣味で発明と物作りをやっているんだ。一人の時は趣味でよかったんだけど、
　同居人ができてからは、それが生活に必要なものになっていって・・・
  発明を趣味と言えるのかなって考えてしまうこともあった」
","","","",""
"「自分を見失いそうになった時に、ここに来るんだ。
　この鏡、最初は不気味だったけど、暗闇の中のわたしも、明かりに照らされるわたしも、
　確かにわたしで、なんていうか、環境のせいにするなって言われている気がして。
　ところで、あなたは何故ここに？」","「自分を見失いそうになった時に、ここに来るんだ。
　この鏡、最初は不気味だったけど、暗闇の中のわたしも、明かりに照らされるわたしも、
　確かにわたしで、なんていうか、環境のせいにするなって言われている気がして。
　ところで、あなたは何故ここに？」","","","",""
"この階の現時点の調査状況と、まだ調べられそうな所がないか尋ねた。","この階の現時点の調査状況と、まだ調べられそうな所がないか尋ねた。","","","",""
"「それなら、とっておきの情報があるよ。ずっと気になってたんだ。
　ほら、鏡の中のカウンターにパンフレットが置いてあるでしょ。
　でもこちら側の同じ場所にはない。
　もしあのパンフレットが拾えるなら、何か面白いことが書いてあるんじゃないかな？」","「それなら、とっておきの情報があるよ。ずっと気になってたんだ。
　ほら、鏡の中のカウンターにパンフレットが置いてあるでしょ。
　でもこちら側の同じ場所にはない。
　もしあのパンフレットが拾えるなら、何か面白いことが書いてあるんじゃないかな？」","","","",""
"電灯をつけてみる","電灯をつけてみる","","","",""
"確かに鏡の中のカウンターにパンフレットがあるが、どうやって拾うかわからない。
この階の調査が足りないかもしれない。
一旦引き返そう。","確かに鏡の中のカウンターにパンフレットがあるが、どうやって拾うかわからない。
この階の調査が足りないかもしれない。
一旦引き返そう。","","","",""
"ギンギツネが帰るのを待った。巻き込まないためだ。
この階は、電灯のスイッチをONにすると、部屋が明るくなる代わりに鏡の中は暗くなる。","ギンギツネが帰るのを待った。巻き込まないためだ。
この階は、電灯のスイッチをONにすると、部屋が明るくなる代わりに鏡の中は暗くなる。","","","",""
"つまり、スイッチを切り替えると、明かりが付くというよりは、
鏡の中と外の状態が入れ替わるのではないだろうか。
問題は、こちらが明るいと「何か」が鏡の中から出ようとしてくる事だ。
急げばなんとかなるだろうか。精神的にとても疲れそうだ。","つまり、スイッチを切り替えると、明かりが付くというよりは、
鏡の中と外の状態が入れ替わるのではないだろうか。
問題は、こちらが明るいと「何か」が鏡の中から出ようとしてくる事だ。
急げばなんとかなるだろうか。精神的にとても疲れそうだ。","","","",""
"まあ、やってみるしかないのだが・・・","まあ、やってみるしかないのだが・・・","","","",""
"パンフレットまでの直線経路上の器具をどけておき、
部屋の灯りを点ける。カウンターにパンフレットが現れたのを確認すると、
一気に走って回収を行った。","パンフレットまでの直線経路上の器具をどけておき、
部屋の灯りを点ける。カウンターにパンフレットが現れたのを確認すると、
一気に走って回収を行った。","","","",""
"恐怖に晒され続け、精神力が限界を迎えてしまった。
放心していたようだ。明かりをつけたまま・・・","恐怖に晒され続け、精神力が限界を迎えてしまった。
放心していたようだ。明かりをつけたまま・・・","","","",""
"灯りを消してエレベーターに駆け込んだ。
精神的にかなりギリギリだった。
フレンズがあの階を平気なのはどういう事だろう。
あそこで自分を見つめなおすなど、できる気がしない。","灯りを消してエレベーターに駆け込んだ。
精神的にかなりギリギリだった。
フレンズがあの階を平気なのはどういう事だろう。
あそこで自分を見つめなおすなど、できる気がしない。","","","",""
"本能的な恐怖であれば、フレンズこそ敏感なはずだ。
ということは、知性や理性に働く恐怖？
・・自分でも何を言っているのかわからなくなってきた。","本能的な恐怖であれば、フレンズこそ敏感なはずだ。
ということは、知性や理性に働く恐怖？
・・自分でも何を言っているのかわからなくなってきた。","","","",""
"ともかく、回収したパンフレットを読む。
表には大きく「Аквариум Дружба」とある。
他に書いてある文字は判別不明で解読できないが、
巨大な水槽のような写真があり、水族館のように見える。","ともかく、回収したパンフレットを読む。
表には大きく「Аквариум Дружба」とある。
他に書いてある文字は判別不明で解読できないが、
巨大な水槽のような写真があり、水族館のように見える。","","","",""
"階数は・・・あった。「[outline_size=8][outline_color=red]③-６-15-14-11[/outline_color][/outline_size]」","階数は・・・あった。「[outline_size=8][outline_color=red]③-６-15-14-11[/outline_color][/outline_size]」","","","",""
"夕日が綺麗な階だ。6[COMMA]7mほど向こうにフレンズがいて、彼女も夕日を見ていた。
声をかけたが、反応がない。
","夕日が綺麗な階だ。6[COMMA]7mほど向こうにフレンズがいて、彼女も夕日を見ていた。
声をかけたが、反応がない。
","","","",""
"もっと近づこうとして、廊下に書いてある文字が目に留まった。
等間隔で「sec/s」「min/s」「hour/s」と書かれていて、hour/sの下にはDANGERの文字。
1秒に1秒、1秒に1分、・・・1秒に1時間・・・
","もっと近づこうとして、廊下に書いてある文字が目に留まった。
等間隔で「sec/s」「min/s」「hour/s」と書かれていて、hour/sの下にはDANGERの文字。
1秒に1秒、1秒に1分、・・・1秒に1時間・・・
","","","",""
"再度、向こうにいるフレンズに全力で大声を出して呼びかけてみた。
無反応だった。
","再度、向こうにいるフレンズに全力で大声を出して呼びかけてみた。
無反応だった。
","","","",""
"この階は探索不可能だ。おそらく奥に行くほど、
取り返しがつかないくらい時間の流れがゆっくりになっている。
エレベーターの中から慎重に様子を見ていれば、もっと早い段階で気付けたかもしれない・・。","この階は探索不可能だ。おそらく奥に行くほど、
取り返しがつかないくらい時間の流れがゆっくりになっている。
エレベーターの中から慎重に様子を見ていれば、もっと早い段階で気付けたかもしれない・・。","","","",""
"エントランスに戻ってきて何気なく時間を確認したら、自分の体感よりも長い時間が経過していた。
エレベーターの中から慎重に様子を見ていれば、異常に気付けたかもしれない・・。
次から気をつけよう。
","エントランスに戻ってきて何気なく時間を確認したら、自分の体感よりも長い時間が経過していた。
エレベーターの中から慎重に様子を見ていれば、異常に気付けたかもしれない・・。
次から気をつけよう。
","","","",""
"エントランスに戻ってきて何気なく時間を確認したら、ものすごい日数が経過していた。
財団に連絡を取ったところ、バイタルメーターが異常値のまま戻ってこなかったため、
自分は消息不明扱いになっており、手持ちの資産は整理されたとの事だった。
仕方ない、無事に帰ってこれただけでもよしとするか・・・。
","エントランスに戻ってきて何気なく時間を確認したら、ものすごい日数が経過していた。
財団に連絡を取ったところ、バイタルメーターが異常値のまま戻ってこなかったため、
自分は消息不明扱いになっており、手持ちの資産は整理されたとの事だった。
仕方ない、無事に帰ってこれただけでもよしとするか・・・。
","","","",""
"エントランスに戻ってきて何気なく時間を確認したら、長い年月が経過していた。
財団に連絡を取ったところ、自分は消息不明扱いになっており、
既にマンションの探索は別の組織職員に引き継がれていた。
","エントランスに戻ってきて何気なく時間を確認したら、長い年月が経過していた。
財団に連絡を取ったところ、自分は消息不明扱いになっており、
既にマンションの探索は別の組織職員に引き継がれていた。
","","","",""
"自分はマンション探索を外され、別の任務が与えられた。
それが意味するものは・・・
","自分はマンション探索を外され、別の任務が与えられた。
それが意味するものは・・・
","","","",""
"・・・エレベーターが壊れていた。
故障でも破壊でもない、数十年、数百年経過して朽ちたような壊れ方だ。
エントランスへ戻れなくなってしまった・・・。
","・・・エレベーターが壊れていた。
故障でも破壊でもない、数十年、数百年経過して朽ちたような壊れ方だ。
エントランスへ戻れなくなってしまった・・・。
","","","",""
"映画館のロビーのような場所に出た。
他の店舗系階層と同様に、ここも店員の気配は無いが、営業はしているようだ。
壁には数種類の映画のサイネージが掲げられていた。
知らない映画ばかりだが、どれも異常に面白そうだ。","映画館のロビーのような場所に出た。
他の店舗系階層と同様に、ここも店員の気配は無いが、営業はしているようだ。
壁には数種類の映画のサイネージが掲げられていた。
知らない映画ばかりだが、どれも異常に面白そうだ。","","","",""
"どれかを選んで観る","どれかを選んで観る","","","",""
"他のメンバーと話し合い、観る映画を決め、シアターに入った。","他のメンバーと話し合い、観る映画を決め、シアターに入った。","","","",""
"そこそこ面白い映画だった。
自分の好みではない部分もあったが、まあそんなものだろう。
久しぶりのリフレッシュになった気がする。","そこそこ面白い映画だった。
自分の好みではない部分もあったが、まあそんなものだろう。
久しぶりのリフレッシュになった気がする。","","","",""
"正直4本ともかなり面白そうで、ずっと迷っていたが、
全部観ればよいと気付き、1本選んでシアターに入った。
まもなく、上映が始まった。","正直4本ともかなり面白そうで、ずっと迷っていたが、
全部観ればよいと気付き、1本選んでシアターに入った。
まもなく、上映が始まった。","","","",""
"・・・やばい、面白すぎる。
定石を抑えつつも、自分の想定をいい意味で超えてくる。
全ての演出が完璧だ。","・・・やばい、面白すぎる。
定石を抑えつつも、自分の想定をいい意味で超えてくる。
全ての演出が完璧だ。","","","",""
"一瞬たりとも目を離したくない。","一瞬たりとも目を離したくない。","","","",""
"もう、ここから
出たくない。
[color=green]●精神に異常をきたしました。[/color]","もう、ここから
出たくない。
[color=green]●精神に異常をきたしました。[/color]","","","",""
"・・・気がつくと、自分はシアターの外で倒れていた。
自分のコピーと一緒に映画を見ていたが、
コピーは複製室に関する記憶を消去してある。
そのわずかな差で、面白すぎる映画の些細な綻びを見つけ、抜け出すことができたのだろう。","・・・気がつくと、自分はシアターの外で倒れていた。
自分のコピーと一緒に映画を見ていたが、
コピーは複製室に関する記憶を消去してある。
そのわずかな差で、面白すぎる映画の些細な綻びを見つけ、抜け出すことができたのだろう。","","","",""
"今も正直、シアターに戻りたい。
安堵どころか、映画の途中で出てきてしまったという後悔の方が強い。
だがあのまま観ていたら、きっといつまでも・・・","今も正直、シアターに戻りたい。
安堵どころか、映画の途中で出てきてしまったという後悔の方が強い。
だがあのまま観ていたら、きっといつまでも・・・","","","",""
"生還はできたが、この時以来、映画の事を思い返すだけで
「時間が飛ぶ」ようになってしまった。","生還はできたが、この時以来、映画の事を思い返すだけで
「時間が飛ぶ」ようになってしまった。","","","",""
"[color=green]●自分の複製を犠牲にして、シアターから生還しました。[/color]","[color=green]●自分の複製を犠牲にして、シアターから生還しました。[/color]","","","",""
"この階は、重力の方向を自在に操る怪異が徘徊している。
探索するのは不可能だ。","この階は、重力の方向を自在に操る怪異が徘徊している。
探索するのは不可能だ。","","","",""
"エレベータ内から様子を伺うと、すぐに危険がある階とわかった。
通路の突き当りの壁に、死体が貼り付いていたのが見えたからだ。
壁一面に派手に血痕がついている。","エレベータ内から様子を伺うと、すぐに危険がある階とわかった。
通路の突き当りの壁に、死体が貼り付いていたのが見えたからだ。
壁一面に派手に血痕がついている。","","","",""
"突き当りは左右に道が分かれており、調べられそうな部屋はたくさんありそうだった。","突き当りは左右に道が分かれており、調べられそうな部屋はたくさんありそうだった。","","","",""
"探索を開始する","探索を開始する","","","",""
"エレベーターから出ると、突き当りの壁がものすごい速さで迫ってきた。
いや、「落ちた」。ここは重力がおかしくなっている階だったのだ。
すでにあった死体がクッションになったが、それでも大怪我を負ってしまった。
そこへ、とどめとばかりに、殺意に満ちた化け物が襲いかかってきた。","エレベーターから出ると、突き当りの壁がものすごい速さで迫ってきた。
いや、「落ちた」。ここは重力がおかしくなっている階だったのだ。
すでにあった死体がクッションになったが、それでも大怪我を負ってしまった。
そこへ、とどめとばかりに、殺意に満ちた化け物が襲いかかってきた。","","","",""
"実際は襲いかかってきたのではなく、
「自分が化け物に向かって落ちていった」のだが、
それを理解する時間は与えられなかった。","実際は襲いかかってきたのではなく、
「自分が化け物に向かって落ちていった」のだが、
それを理解する時間は与えられなかった。","","","",""
"エレベーターから出ようとして、違和感に気づいた。
壁についた血痕だ。下方向に垂れていない。
なんらかの強い力で死体が壁に貼りついたとしても、血は垂れるはずだ。","エレベーターから出ようとして、違和感に気づいた。
壁についた血痕だ。下方向に垂れていない。
なんらかの強い力で死体が壁に貼りついたとしても、血は垂れるはずだ。","","","",""
"ネズミボトルを取り出し、紐を持って廊下に投げる。
紐はピンと張った状態で、ボトルは空中で揺れていた。
エレベーターから不用意に出たら、きっと「真っ逆さまに」突き当りの壁に叩きつけられていただろう。","ネズミボトルを取り出し、紐を持って廊下に投げる。
紐はピンと張った状態で、ボトルは空中で揺れていた。
エレベーターから不用意に出たら、きっと「真っ逆さまに」突き当りの壁に叩きつけられていただろう。","","","",""
"降りる装備は無い。
探索をするには何が必要だろうかとエレベーター内から観察をしていると、
突き当りの曲がり角から、足がたくさんある鳥のような化け物が現れた。
赤い光を放つ石が胸の辺りについている。","降りる装備は無い。
探索をするには何が必要だろうかとエレベーター内から観察をしていると、
突き当りの曲がり角から、足がたくさんある鳥のような化け物が現れた。
赤い光を放つ石が胸の辺りについている。","","","",""
"エレベーターの中にいれば安全・・・
その考えを読み取られたのか、ズンという音と衝撃とともに、
化け物の胸の石が緑色に光り、何かが猛スピードでこちらに飛んできた。","エレベーターの中にいれば安全・・・
その考えを読み取られたのか、ズンという音と衝撃とともに、
化け物の胸の石が緑色に光り、何かが猛スピードでこちらに飛んできた。","","","",""
"突き当りの壁に貼り付いていた死体だ！
間一髪で避け、エレベーターのドアを閉めた。
あの化け物が重力を操作していたのか。","突き当りの壁に貼り付いていた死体だ！
間一髪で避け、エレベーターのドアを閉めた。
あの化け物が重力を操作していたのか。","","","",""
"エレベーターの壁に叩きつけられた死体が、床にずり落ちた。","エレベーターの壁に叩きつけられた死体が、床にずり落ちた。","","","",""
"あまり気が進まないが、死体を調べた。落下死であり、食い荒らされた様子もない。
あの鳥は何がしたかったのだろう・・
装備していたガスマスクが気になる。オオカワウソのフレンズのものと同じ装備だ。
フレンズも人間も使っているなら、探索に適したタイプなのだろう。
調達を検討して良いかもしれない。マーケットでの扱いがあるはずだ。","あまり気が進まないが、死体を調べた。落下死であり、食い荒らされた様子もない。
あの鳥は何がしたかったのだろう・・
装備していたガスマスクが気になる。オオカワウソのフレンズのものと同じ装備だ。
フレンズも人間も使っているなら、探索に適したタイプなのだろう。
調達を検討して良いかもしれない。マーケットでの扱いがあるはずだ。","","","",""
"死体は、適当な階に捨てていく事も一瞬考えたが、やめた。
エントランス階を入力する前に財団に連絡を取り、
成り行きで身元不明の死体と一緒にエントランスに降りる事になったと伝えた。","死体は、適当な階に捨てていく事も一瞬考えたが、やめた。
エントランス階を入力する前に財団に連絡を取り、
成り行きで身元不明の死体と一緒にエントランスに降りる事になったと伝えた。","","","",""
"埋葬される前に調査や解剖などをされるかもしれないが、
怪異の中で朽ちるよりは良いのではないかと、
なんとなく、思った。

[color=green]●行動「ガスマスク」が解禁されました。[/color]","埋葬される前に調査や解剖などをされるかもしれないが、
怪異の中で朽ちるよりは良いのではないかと、
なんとなく、思った。

[color=green]●行動「ガスマスク」が解禁されました。[/color]","","","",""
"コンクリートの大きな部屋。","コンクリートの大きな部屋。","","","",""
"その中央に、
光るモノリスのようなものが浮かんでいた。
何故かわからないが、ここには私が望んでいたものがあるような気がした。","その中央に、
光るモノリスのようなものが浮かんでいた。
何故かわからないが、ここには私が望んでいたものがあるような気がした。","","","",""
"モノリスがひときわ大きく輝き、別の場所の光景が映し出された。","モノリスがひときわ大きく輝き、別の場所の光景が映し出された。","","","",""
"これは・・・この光景は・・・・
「やっぱり本当にあったんだ！」
あの場所の空気の匂いを感じる。風も吹いて来る。","これは・・・この光景は・・・・
「やっぱり本当にあったんだ！」
あの場所の空気の匂いを感じる。風も吹いて来る。","","","",""
"「お願い、そこに帰りたいの・・私を連れて行って！」
ずっと望んでいた、叶うはずがないと諦めていた、あの場所へ・・
モノリスの中へと、一歩踏み出す。","「お願い、そこに帰りたいの・・私を連れて行って！」
ずっと望んでいた、叶うはずがないと諦めていた、あの場所へ・・
モノリスの中へと、一歩踏み出す。","","","",""
"その中央に、
光るモノリスのようなものが浮かんでいた。
何故かわからないが、ここには自分が望んでいたものがあるような気がした。","その中央に、
光るモノリスのようなものが浮かんでいた。
何故かわからないが、ここには自分が望んでいたものがあるような気がした。","","","",""
"これは・・・この光景は・・・・
モノリスの中の景色を見て、自分は涙を流していた。
その場所の空気の匂いを感じる。風も吹いて来る。","これは・・・この光景は・・・・
モノリスの中の景色を見て、自分は涙を流していた。
その場所の空気の匂いを感じる。風も吹いて来る。","","","",""
"行けるのか・・？　ずっと望んでいた、叶うはずがないと諦めていた、あの場所へ・・
モノリスの中へと、一歩踏み出す。","行けるのか・・？　ずっと望んでいた、叶うはずがないと諦めていた、あの場所へ・・
モノリスの中へと、一歩踏み出す。","","","",""
"フッとモノリスが消えた。","フッとモノリスが消えた。","","","",""
"何かを忘れたような、スッキリしたような、変な感覚。
さっきまでコンクリートだった部屋が、どこかの風景になっていた。","何かを忘れたような、スッキリしたような、変な感覚。
さっきまでコンクリートだった部屋が、どこかの風景になっていた。","","","",""
"この景色、何か忘れているような気分になって少し気持ちが悪い。
見回すと、風景の中に不自然にエレベーターの入り口があった。","この景色、何か忘れているような気分になって少し気持ちが悪い。
見回すと、風景の中に不自然にエレベーターの入り口があった。","","","",""
"・・・帰ろう。
そもそも、なんでこんな危険なマンションを探索していたんだっけ？","・・・帰ろう。
そもそも、なんでこんな危険なマンションを探索していたんだっけ？","","","",""
"[color=gray]マンションから出て、そのままどこかへ行こうとした財団職員を確保。抵抗はなかった。
聴取を行ったところ、全ての「目標」や「願い」を失っていたようだった。
経過観察後、終了させるか、再配置させるかを判断する事とした。[/color]","[color=gray]マンションから出て、そのままどこかへ行こうとした財団職員を確保。抵抗はなかった。
聴取を行ったところ、全ての「目標」や「願い」を失っていたようだった。
経過観察後、終了させるか、再配置させるかを判断する事とした。[/color]","","","",""
"test","test","test","test","test",""
"health+1","health+1","health+1","health+1","health+1",""
"health-1","health-1","health-1","health-1","health-1",""
"sanity+1","sanity+1","sanity+1","sanity+1","sanity+1",""
"sanity-1","sanity-1","sanity-1","sanity-1","sanity-1",""
"test1","test1","test1","test1","test1",""
"現状、一度だけ＆一瞬しか表示されない立ち絵の２人
もっと使わなきゃ・・・","現状、一度だけ＆一瞬しか表示されない立ち絵の２人
もっと使わなきゃ・・・","","","",""
"test3","test3","test3","test3","test3",""
"重い瞼を開け、体を起こす。周囲を見回し、深くため息をつく。
自分の両手を見つめ、握ったり開いたりした。","重い瞼を開け、体を起こす。周囲を見回し、深くため息をつく。
自分の両手を見つめ、握ったり開いたりした。","","","",""
"まだ自分が自分であった時。いつものように、万が一の保険として仕掛けておいた「仮眠室」。
自嘲気味に、しかし安堵の混じった笑いを漏らす。
わかっている。あれは夢なんかじゃない。","まだ自分が自分であった時。いつものように、万が一の保険として仕掛けておいた「仮眠室」。
自嘲気味に、しかし安堵の混じった笑いを漏らす。
わかっている。あれは夢なんかじゃない。","","","",""
"あの生々しい全能感、世界に溶け込んだような自我……全部、現実に起きたことだ。
一歩間違えれば、いや、一歩間違えたんだ。
なんて愚かなことをしてしまったんだ、俺は。","あの生々しい全能感、世界に溶け込んだような自我……全部、現実に起きたことだ。
一歩間違えれば、いや、一歩間違えたんだ。
なんて愚かなことをしてしまったんだ、俺は。","","","",""
"生還できただけでなく、こうして「異質化」する前の、ただの不完全な人間に戻ることができた。
立ち上がり、エレベーターに向かって歩き出す。
……いっそ、あのまま…いや。","生還できただけでなく、こうして「異質化」する前の、ただの不完全な人間に戻ることができた。
立ち上がり、エレベーターに向かって歩き出す。
……いっそ、あのまま…いや。","","","",""
"さて、探索の続きだ。","さて、探索の続きだ。","","","",""
"　　","","","","",""